video_ID,has_title,has_description,has_tags,readability,sentence_count,word_count,word_unique,transition_words,summary_words,active_verb,video_duration,transcript_sentence_count,transcription_confidence_avg,transcript_wordcount,transcript_unique_wordcount,transcription_active_wordcount,transcription_summary_wordcount,transcription_transition_wordcount,unique_obj_count,scene_count,accredited,narrative_readability,description_MER_terms
ZtVoHOayVmg,1,1,1,6.083846154,2,26,24,1,0,3,218,14,0.888718466,125,76,22,0,4,56,41,0,49.07698113,2
UGOoeqSo_ws,1,1,1,22.71418283,10,361,174,9,0,46,317,13,0.943194878,118,70,25,0,6,43,12,0,50.27669811,25
Ab9OZsDECZw,1,1,1,27.61285714,5,154,100,2,0,15,272,13,0.843059316,160,99,18,0,3,48,25,0,66.3181203,9
qWti317qb_w,1,1,1,9.007857143,3,42,34,2,0,4,169,2,0.946466775,3,3,0,0,0,45,25,0,10.185,3
8efeQ8H5cRg,1,1,0,25.00285714,2,70,61,3,0,9,126,19,0.971678734,418,174,59,0,23,10,2,0,191.8796364,5
V04zDVXMbuw,1,1,1,19.49316667,6,200,118,4,0,22,296,33,0.9602709,596,275,74,0,26,26,3,0,266.3172779,34
kdu5QaRINIY,1,1,1,9.029080882,17,272,144,5,0,41,124,3,0.963834708,32,27,7,0,2,18,5,0,12.07241379,34
PDB5K5q7II4,1,1,1,29.98148515,2,101,65,2,0,10,61,51,0.92960931,816,253,170,0,52,83,73,1,366.0797432,11
6EwqFalqfGE,1,1,1,25.7073494,2,83,61,3,0,9,199,46,0.953419702,930,277,115,1,52,5,2,0,422.7731829,8
XOxQyO-Sw-g,1,1,1,12.67499396,9,184,122,7,0,23,117,11,0.65199267,45,33,2,0,1,2,1,1,15.33727273,18
Q6OtzmR3eXo,1,1,1,0,0,0,0,0,0,0,97,37,0.927582017,347,142,47,0,19,5,8,0,158.8780745,
beuN_Wl2Aqk,1,0,0,0,0,0,0,0,0,0,127,,,,,,,,15,1,0,,0
zo_0Bzsh4WA,1,1,1,13.70162891,9,206,129,8,0,24,106,60,,795,294,112,1,40,19,4,0,352.9765106,28
iEwqy3lzK0c,1,1,1,9.934,2,30,26,1,0,3,62,6,0.970319122,82,55,10,0,3,34,5,0,35.5230137,3
X3BCFOlk1oQ,1,1,1,15.81203828,23,452,227,7,0,47,186,20,0.814958692,274,167,32,0,14,9,2,0,112.7359031,60
jRQNAa-tqr8,1,1,1,9.6784375,6,96,75,2,0,11,102,34,0.966407382,658,293,77,0,40,32,8,0,301.9307641,3
4YNdp3pRjig,1,1,0,18.40655172,1,29,24,2,0,5,115,13,0.943404764,173,92,30,0,10,4,1,0,71.46744966,5
9CNmca7YfJE,1,1,0,18.46661017,2,59,49,2,0,5,115,29,0.922240609,317,120,68,0,29,23,2,0,133.7034783,10
Gmic13mvsgo,1,1,1,9.287350333,11,164,100,10,0,24,249,38,0.946854353,699,231,126,0,39,44,9,0,305.0850489,15
xfZhb6lmxjk,1,1,1,26.14480519,5,154,102,7,0,13,282,57,,728,286,55,0,35,98,11,0,317.7643128,5
qFdLDE_Hl1k,1,1,1,3.558461538,2,13,13,1,0,1,170,7,,41,34,8,0,0,10,6,0,15.9121875,0
6buIk5Qggt0,1,1,0,8.678,4,60,49,3,0,5,120,14,,197,121,27,0,15,36,11,0,91.5705,5
Z4kqAWuadxY,1,1,1,9.391818182,5,77,56,3,0,10,191,47,,564,237,109,0,26,26,14,0,243.5143381,3
VP_I6YJPIj8,1,1,1,67.43761905,1,126,92,3,0,11,251,37,,756,291,109,0,44,41,20,0,347.3090504,8
_Wjw7lHTSws,1,1,1,17.73656028,6,188,104,8,0,24,104,6,0.954004019,90,55,8,0,9,9,10,0,40.49184211,11
NFI4UcpNxJw,1,1,1,49.48371935,4,367,266,7,0,26,256,24,,235,130,32,1,12,22,3,0,101.5243478,13
Dg3_yWLOJ7o,1,1,1,10.35429885,41,878,382,10,0,174,265,20,,182,89,29,0,11,25,6,0,80.35375,34
XRU1drYgzgs,1,1,1,40.7504,5,375,273,4,0,30,145,,,,,,,,61,47,0,,5
LOa-uXkn4Ds,1,1,1,40.2055,1,60,27,3,0,14,119,8,0.976505816,104,70,19,0,5,45,25,0,47.65923913,0
dVXWdyi3yhM,1,1,1,5.353520909,13,149,86,3,0,19,136,25,,306,135,40,0,11,9,1,0,137.9586545,4
fHOkfI5ThaI,1,1,1,5.382631579,2,19,19,2,0,4,224,8,0.936458915,107,75,18,0,2,35,10,0,45.70326316,1
nxfRgLdxy4Y,1,1,1,24.96005089,6,262,175,6,0,29,297,12,0.972300828,108,73,26,0,7,54,47,0,44.22913043,5
d1rcZaqBUx8,1,1,1,18.23399425,8,261,178,6,0,29,205,18,0.953869641,259,122,39,0,18,23,11,0,117.375234,1
XfyGv-xwjlI,1,1,1,13.34465116,24,516,258,12,0,64,226,3,0.953224017,37,30,3,0,1,22,5,0,20.36676471,52
eGGXIWFqxhY,1,1,1,17.95733333,3,90,78,5,0,13,79,10,0.758646488,57,44,4,0,0,17,19,0,21.81191489,2
A0qCnOsLUds,1,1,1,18.67277778,2,54,49,3,0,7,207,23,0.963318249,422,168,54,0,41,11,5,0,182.4372207,5
JAjZv41iUJU,1,1,1,12.33733333,3,50,41,2,0,4,226,24,0.949575424,424,196,62,0,23,9,2,0,192.9822762,6
QsSZNetJIuA,1,1,1,15.13897959,4,98,80,3,0,12,60,8,0.973745763,91,65,14,0,6,37,10,1,43.73341176,7
4SZGM_E5cLI,1,1,1,12.75427019,7,184,125,4,0,30,156,37,0.928318518,632,215,122,0,34,50,4,0,279.5916904,10
M2GpXdOabZI,1,1,1,11.38935484,2,31,30,1,0,2,154,37,0.963256523,593,254,100,0,31,9,1,0,256.0869066,2
B2qd4lLUHKQ,1,1,1,37.26910714,1,56,36,2,0,5,331,33,0.939145301,667,249,83,0,35,19,108,0,298.3554348,2
1NIhv6fCqAU,1,1,1,11.63764706,2,51,43,1,0,10,289,2,0.27850312,4,4,0,0,0,44,5,0,-8.94,2
qSpAF-JUKEA,1,1,1,12.52887097,4,62,56,3,1,7,345,17,0.941007093,285,133,41,0,16,6,8,0,124.8240239,4
BftwyUs58JU,1,1,1,18.21454545,11,285,164,9,0,27,231,12,0.97199738,176,86,36,0,12,14,13,0,78.25822785,11
jxbbBmbvu7I,1,1,1,14.88685279,10,197,139,3,0,27,356,5,0.976387077,62,48,9,0,3,64,8,0,30.87696429,12
wDwM3N1iuWk,1,1,1,6.808461538,1,13,13,1,0,2,352,42,0.953534812,553,220,84,0,36,38,28,0,246.1837931,0
28oRB1LWWEw,1,1,1,18.2843617,5,94,77,2,0,11,209,3,0.930569718,25,19,5,0,0,50,5,0,12.18652174,3
C3AQIfgthh4,1,1,1,12.09941176,6,153,108,5,0,24,148,31,0.949932538,420,183,67,0,33,4,15,0,188.9333952,10
IIyMmg5e2qI,1,1,1,12.72759347,26,537,266,11,0,66,233,29,0.928243682,381,190,61,0,15,57,32,0,164.9989157,56
0f3p9SV1cH4,1,1,1,9.383170732,2,41,39,3,0,7,315,9,0.967403293,98,64,16,0,3,42,29,0,41.8041573,0
rJiD9C3k__c,1,1,1,35.63971429,1,70,56,3,0,7,106,41,0.942703331,607,247,85,0,26,10,9,0,266.0808972,3
dYHVGtMrwF4,1,1,1,11.40379143,24,533,292,5,0,88,200,65,0.804167625,491,127,106,0,34,36,49,0,184.84,27
pAb0Odjj5xE,1,1,1,16.09063218,3,58,47,3,0,7,271,2,0.960673731,6,6,0,0,0,44,13,0,3.678,10
mWm4ypCyFxQ,1,1,1,102.33195,1,200,104,8,0,33,225,34,0.93363746,279,121,58,0,5,2,1,0,116.6735146,6
c9LwwQK5588,1,1,1,18.66710331,14,289,173,8,0,24,358,62,0.969197071,921,339,135,0,43,48,34,0,408.4320585,6
Mko250V6PYI,1,1,1,12.49507347,26,534,254,10,0,81,201,20,0.950374416,334,171,46,0,19,26,1,0,148.5924324,52
qn2dhw0NJxo,1,1,1,14.55291667,27,576,311,11,0,74,254,19,0.968866438,280,127,42,0,17,5,2,0,124.6149398,10
3e68SzKBiqM,1,1,1,10.82925926,9,162,120,2,0,15,331,24,0.974627217,363,157,66,0,14,22,19,0,165.6373193,7
V2XXfiESQBg,1,1,1,8.74625,3,48,38,1,0,5,178,49,,600,251,78,0,24,21,36,0,259.729522,10
wn0sB1rDNIc,1,1,1,30.72146399,7,363,245,5,0,25,289,5,0.88763743,85,61,16,0,5,39,33,0,39.79153846,56
#NAME?,1,1,1,24.7431383,4,188,116,3,0,14,188,,,,,,,,,,0,,
ZvLN2fEMYzc,1,1,1,11.03113107,9,167,111,3,0,25,271,45,0.90810883,668,275,81,0,34,5,3,0,299.9608848,2
FsNKyKS7M_s,1,1,1,20.91026087,5,115,89,3,0,10,328,26,0.774291119,237,132,32,1,12,22,3,0,102.8137143,4
cy2uPRdY6JY,1,1,1,10.81963415,41,492,316,5,0,32,226,3,0.947499833,36,33,5,0,2,42,35,0,17.19272727,12
dQXKNXz_ZCg,1,1,1,17.0542803,3,88,73,2,0,5,292,2,0.758523067,19,19,4,0,0,78,81,0,7.572352941,3
SuFVVCvancY,1,1,1,15.71944923,9,232,154,4,0,27,283,15,0.961771607,232,122,42,0,10,2,3,0,102.5184689,3
boUkQ7T1pus,1,1,1,11.24789116,3,49,36,3,0,4,121,5,0.968981802,65,52,9,0,5,38,3,0,30.18305085,2
EOAsKePIbYU,1,1,1,29.02576923,1,52,41,2,0,6,197,,,,,,,,10,6,0,,0
Ji7n59Tiwwo,1,1,1,15.96048718,6,130,108,3,0,8,323,58,0.972848192,840,290,159,0,39,60,37,0,376.7183333,2
CRCLSs-Lh0U,1,1,0,32.14529412,1,51,35,1,0,0,328,10,0.787065196,75,51,16,0,2,2,1,0,28.74765625,5
16LB2VRUjP0,1,1,1,14.45308271,7,133,99,4,0,10,253,,,,,,,,73,62,0,,6
DoC21ItfQbM,1,1,1,12.07894434,25,521,282,6,0,65,275,9,0.740943402,80,57,9,0,6,2,1,0,31.27147059,10
Nw9yN_83uZ8,1,1,1,20.03727273,2,22,22,0,0,1,151,55,0.88970232,795,303,126,0,43,76,30,0,351.4964831,7
SF7vOJjMEws,1,1,0,26.17684932,2,73,59,3,0,6,283,3,0.965087444,31,28,6,0,2,9,7,0,12.25107143,4
-6hDAzlQJsY,1,1,1,8.8,2,33,30,2,0,5,104,8,0.950481474,101,72,14,0,3,11,2,0,47.20193548,5
rc4ukEnN0OA,1,1,1,16.0918469,28,753,362,11,0,135,238,49,0.969693279,757,303,92,0,34,,,0,339.4763947,1
9V6SH5ySg0o,1,1,1,30.4071238,9,508,315,9,0,63,356,16,0.701759644,77,45,17,0,0,1,1,0,27.80225806,15
QZu4UYrqoUE,1,1,1,19.004,6,180,129,3,0,21,202,,,,,,,,12,14,0,,28
ozbNW8-ZLm4,1,1,1,10.29744891,40,685,323,10,0,98,336,33,0.944727165,645,231,106,0,46,5,2,0,289.3002062,3
vlZOAAqtibY,1,1,1,10.60781224,28,509,293,6,0,53,208,7,0.941123835,88,59,19,0,4,34,4,0,38.94615385,14
2RzsBQFdw3w,1,1,1,14.58622642,5,106,78,5,0,13,234,14,0.942429535,232,124,38,0,9,22,1,0,106.3029858,4
bPjR9kQ1ZCc,1,1,1,13.80589744,9,156,113,3,0,18,327,54,0.953395143,1102,362,166,0,64,36,49,0,495.8879154,1
xrosgdg8FGw,1,1,1,16.38610335,8,179,118,3,0,20,139,15,,277,137,48,0,17,34,12,0,123.6691566,3
UiJOohm2sp0,1,1,1,10.66296943,25,458,250,8,0,45,144,10,0.845686416,70,45,15,0,1,39,9,0,23.10052632,2
92dxKiti9hU,1,1,1,37.22879576,6,346,190,5,0,27,94,61,,829,270,168,0,41,52,17,0,360.4046091,13
yriA7snxf18,1,1,1,13.65202198,14,260,159,6,0,32,108,15,,113,78,15,0,1,2,2,0,50.39908163,14
X1meFFqN04U,1,1,1,20.50026316,1,38,33,3,0,2,82,14,,280,134,45,0,9,29,30,0,129.2758846,1
E3pSKea_6fA,1,1,1,17.51867072,13,342,179,9,0,62,128,36,,588,255,57,0,40,7,10,0,268.494347,1
fT9GerQ7AuM,1,1,1,20.73467742,6,186,115,3,0,18,317,8,,239,125,43,0,16,26,6,0,109.2619266,3
fTstVBFBXfw,1,1,1,24.29127273,5,220,153,4,0,32,282,5,0.568122476,41,32,6,0,1,1,1,0,12.055,35
F7StGoDvPG8,1,1,1,31.73666667,5,270,164,5,0,33,286,59,0.97383968,902,336,117,0,56,40,53,0,402.2698885,5
XcGCb1LIyeQ,1,1,1,6.12,1,8,8,1,0,1,104,16,0.897011578,148,84,24,0,3,37,9,0,61.04203125,6
8r0e8WBBg6o,1,1,0,9.525769231,2,26,23,1,0,3,216,5,0.622077145,9,8,0,0,0,45,8,0,1.386666667,49
d41ttKFOuKo,1,1,1,8.963406569,29,463,254,8,0,44,147,13,,248,119,40,0,11,15,2,0,114.4192576,22
XmYrJ0s7QQU,1,1,1,11.36597603,32,584,328,9,0,70,312,31,0.961094916,550,244,86,0,35,13,8,0,247.0567002,2
aUdfpZdmT-Q,1,1,1,29.53424242,2,99,78,2,0,7,316,19,0.930087082,296,156,42,0,13,50,6,0,132.2506742,11
_8-elEw7tZM,1,1,1,9.909153543,32,508,271,7,0,56,299,23,0.949299046,390,198,51,0,26,24,50,0,176.6001709,3
bEP0Wz3kVqU,1,1,1,14.18512098,19,422,183,12,1,68,192,20,,387,193,56,0,19,41,20,0,176.9978797,11
2RRsOqinpkU,1,1,1,14.79454545,2,33,33,2,0,6,187,40,0.946841657,600,215,89,0,30,10,9,0,263.826109,1
2vqUozfh8yE,1,1,1,11.63411765,2,17,17,0,0,1,78,,,,,,,,,,0,,20
N4diCnJhdeU,1,1,1,34.04246544,7,434,234,7,0,37,283,44,,724,277,108,0,44,10,10,0,318.8892344,1
K-xDHNB8eBg,1,1,1,20.76904762,3,63,52,2,0,4,208,38,,619,270,85,0,37,59,39,0,275.4066241,21
7XAX9JU287g,1,1,0,9.765,1,20,18,1,0,2,68,47,0.950617939,878,276,140,0,56,19,4,0,394.4447727,1
FqVFAIP6kFI,1,1,1,10.95188655,24,451,247,6,0,38,167,30,,349,161,50,0,12,33,24,0,154.8561613,3
IoiTgPuYZbg,1,1,1,13.33,1,13,13,1,0,2,343,26,0.958908916,470,197,59,0,30,2,3,0,213.2165035,1
g5QNlW9uvz0,1,1,1,10.5111749,7,107,73,3,0,16,198,28,0.960388228,593,236,98,0,40,34,25,0,269.91,32
oyetHtHIWx8,1,1,1,10.4789744,41,605,327,10,1,71,315,4,0.948277697,86,51,12,0,5,64,41,0,41.78423077,18
YzrHHTTkLTc,1,1,1,14.10333333,2,27,23,3,0,2,210,33,0.972980618,438,186,65,1,27,16,2,1,193.2065979,0
qPasI9VjI1s,1,1,1,15.31472222,4,108,79,2,0,13,233,2,0.938551737,19,18,3,0,1,21,12,0,6.464117647,2
RBaDYCJ-QOc,1,1,1,10.02551869,28,493,282,8,0,58,164,8,0.964792569,105,66,18,0,6,8,9,0,44.17793478,10
dBW1FNpF07E,1,1,1,19.12,2,68,48,2,0,5,67,53,0.948112816,699,300,81,0,30,27,10,0,304.619028,19
GyPsBFqnOG0,1,1,1,26.79803571,5,168,92,3,0,16,244,75,,1220,339,190,0,73,7,1,0,538.2237095,1
c5uDE2vmZR8,1,0,1,0,0,0,0,0,0,0,63,26,0.719001786,214,125,39,0,1,4,1,0,86.65116667,27
QQWTSa9vT7E,1,1,1,10.7989593,29,499,281,6,0,40,71,23,,481,228,60,0,33,37,44,0,218.1541244,51
bCpT4IA0-G8,1,1,1,18.50694505,7,130,90,4,0,11,94,25,,296,148,42,0,22,20,5,0,130.0699623,2
4EnhKEeZ928,1,1,0,11.03607143,7,168,124,5,0,20,86,1,,0,0,0,0,0,13,8,0,,1
pkluJeHESAk,1,1,0,15.45487469,21,342,201,3,0,43,308,15,,266,148,33,0,10,8,1,0,122.225749,2
7PBYGu4Az8s,1,1,1,84.20047333,3,500,324,9,0,62,174,38,0.959417081,509,217,60,1,21,10,2,0,224.7847991,3
oM3YfekC61M,1,0,0,0,0,0,0,0,0,0,252,34,0.964238981,438,186,51,0,34,39,2,0,194.584399,1
4-H4Q8iQYD0,1,1,1,21.83921965,4,173,91,2,0,5,309,53,,851,272,157,0,57,5,8,0,378.0144094,19
SqbMNREZG2U,1,0,0,0,0,0,0,0,0,0,61,52,0.938868195,789,312,109,0,46,19,24,0,357.8675732,1
YDUVjz2nVUo,1,1,1,19.24822222,9,270,141,5,0,24,326,10,0.682829711,35,26,2,0,0,26,103,0,14.9968,5
jwGS75CnlOo,1,1,1,19.64568345,5,139,91,2,0,10,135,2,0.950376877,5,5,0,0,0,26,1,0,7.6525,55
W1xwhaNyHXQ,1,1,1,17.61872439,15,358,208,4,0,35,270,20,0.965276837,301,153,37,0,19,5,10,0,140.5791273,2
Tb1O8czdAx0,1,1,1,13.43495495,9,222,148,5,0,30,359,45,0.966778775,800,296,143,0,52,34,38,0,360.8802486,8
CyEGCzNTNjI,1,1,1,9.723569908,39,530,305,9,0,72,285,33,0.967008203,448,200,49,0,26,38,42,0,201.7738579,19
UKxfkCSiEIw,1,1,1,9.612857143,2,21,21,0,0,2,271,29,0.949978255,475,220,41,0,33,17,3,0,209.7343478,3
Z-Jf4Kw7owY,1,1,1,15.08,2,33,28,3,0,1,216,,,,,,,,73,110,0,,10
SP3X-_i7LLc,1,1,1,37.45413793,6,348,191,5,0,27,71,37,0.963002712,516,190,86,0,34,20,7,0,228.4201948,
xushFVa3jL0,1,1,1,16.45293706,5,143,100,7,0,17,255,33,,425,213,79,0,26,9,4,0,192.3254615,
mqUNB-dkCyc,1,1,1,10.33738916,7,87,65,3,0,8,155,29,,489,209,91,0,24,32,58,0,220.9169058,
TQ85DQ_MqWA,1,1,1,9.944883721,5,129,81,6,0,24,231,32,,543,189,73,0,33,16,16,0,249.5396378,
YSik5lUmBGE,1,1,1,15.96888889,2,54,46,3,0,5,257,38,0.902294631,510,231,67,0,23,41,13,0,226.0671903,
KMrBpj2nx4Y,1,1,1,4.614,2,15,13,0,0,3,153,8,0.964239379,88,60,10,0,5,39,2,0,36.82753247,
53FgitG2jl4,1,1,1,24.24493506,6,231,145,4,0,19,286,8,0.889188441,69,52,9,0,4,41,7,0,28.29606557,
kI6FITZycek,1,1,1,14.77428571,1,28,26,1,0,3,135,,,,,,,,2,2,0,,
a_1MEm3vJs4,1,1,1,18.2975,2,60,48,2,0,8,296,20,0.93623051,325,183,54,0,24,48,23,0,145.9639796,
NXS4DBBhHlU,1,1,0,7.666666667,1,9,9,2,0,0,307,9,0.932180643,143,88,17,0,11,10,13,0,64.81557252,
K1v4wmKuPVk,1,1,1,16.13187978,15,305,187,4,0,24,150,45,,928,318,137,0,61,7,4,0,419.8477646,
NDmrNp8EF1M,1,1,1,10.43705882,2,51,40,2,0,8,269,5,0.961646736,80,59,8,0,3,28,4,0,38.77416667,
AdG2EEKZ_f0,1,1,1,9.642601626,3,41,33,1,0,5,149,16,,239,123,31,0,26,27,6,0,103.5877358,
I7txsS7TPTY,1,1,1,39.60039216,2,153,92,4,0,17,60,7,0.966491163,153,98,28,0,11,6,1,0,69.59678571,
ZVJNthm7nKI,1,1,0,13.64689655,6,87,71,3,0,13,281,,,,,,,,29,29,0,,
tPE66_w7uR4,1,1,1,29.72232456,3,76,63,3,0,9,139,45,,924,318,159,0,64,43,6,0,418.459416,2
oDOVXww7sSE,1,1,1,13.33409091,1,22,21,2,0,5,159,38,0.970108767,576,252,103,0,29,60,17,0,259.2252008,
SPVgzVshNKk,1,1,1,17.6447619,3,77,65,7,0,4,232,,,,,,,,1,1,0,,
PBB4SHQHTbY,1,1,1,12.591,2,40,32,2,0,4,260,7,0.959702528,71,52,9,0,1,24,8,0,35.7390625,
7UgzlFkItjk,1,1,1,11.5125,2,36,31,2,0,7,88,18,0.950738966,265,145,41,0,14,49,18,1,119.352875,2
VbwRYFMPZS4,1,1,1,13.207,6,150,88,4,0,14,238,36,,671,284,113,0,31,24,20,0,303.4292131,
eRfMbfyJCjA,1,1,1,19.88914286,2,70,59,3,0,7,70,26,,190,117,38,0,5,3,2,1,72.97,
gIkzZP6fl0E,1,1,0,19.10358543,3,119,103,4,0,11,205,16,,265,134,42,0,14,12,14,0,121.914321,
MiK_sS-ckbU,1,1,0,-5.8,1,3,3,0,0,0,225,35,,435,162,76,0,36,23,1,0,190.1111082,
dyDdfchb990,1,1,1,-2.454285714,1,7,7,0,0,0,192,3,,4,4,0,0,0,15,1,0,-10.51,
TOcIXRGxtfE,1,1,0,15.393,1,30,23,1,0,3,284,2,0.68282989,5,5,1,0,0,26,103,0,-6.4775,
kiVaYO8gLfc,1,1,0,42.27862745,2,153,116,6,0,18,63,,,,,,,,23,6,0,,
oFCn2usMKXY,1,1,0,11.3673913,3,69,59,3,0,11,218,47,,657,284,100,0,31,56,7,0,294.6688285,
vjqIr35d8NU,1,0,0,0,0,0,0,0,0,0,67,,,,,,,,7,18,0,,
WnttMzrbm90,1,1,0,49.98741935,2,186,145,5,0,24,239,47,,954,308,193,0,56,7,1,0,430.3015571,
Xd801pb8rSE,1,1,0,27.54385057,3,116,90,2,0,8,246,32,,430,211,67,0,21,62,43,0,184.6588,
rPnYsnaU9m4,1,1,1,1.457894737,5,38,34,4,0,9,178,31,,502,201,73,0,40,21,26,0,218.4653741,
SykJhDLaxco,1,1,0,0.91,1,7,7,0,0,0,274,2,0.27850312,4,4,0,0,0,44,5,0,-8.94,
W6qjGHEH7OI,1,0,1,0,0,0,0,0,0,0,130,,,,,,,,10,4,0,,
bDIlA5dm6Ys,1,0,0,0,0,0,0,0,0,0,76,,,,,,,,8,14,0,,
n_1jO64tuQA,1,1,1,14.83344828,2,58,50,2,0,7,297,13,,268,134,38,0,20,11,1,0,119.353682,
eANADrE6oMg,1,0,0,0,0,0,0,0,0,0,298,18,,240,141,43,0,10,58,30,0,105.3009722,
iYJ41ABHJ2U,1,0,0,0,0,0,0,0,0,0,170,13,,246,132,37,0,14,21,4,0,111.3178027,
JBYy5C5bu4I,1,1,0,16.11,1,6,6,0,0,1,187,24,,371,190,42,0,27,25,68,0,167.9335455,
SCgHauE_AdY,1,1,1,8.7,1,32,26,0,0,1,341,14,,221,109,14,1,10,7,4,0,99.91341969,
KWK-Hfgz_a4,1,1,1,-16.22,1,1,1,0,0,0,78,64,,938,331,166,0,51,19,3,0,415.097395,
O7l3qg0Z4GE,1,1,1,19.29891304,5,138,100,7,0,18,223,20,0.92426111,332,188,39,0,12,33,2,0,147.4586644,5
1DX5mdLMTIc,1,1,0,9.456428571,1,14,14,1,0,1,349,13,0.95128504,93,61,12,0,1,50,4,0,36.33818182,16
HiqoicYtVjo,1,1,1,12.88996731,19,483,229,7,0,74,242,28,0.95908759,298,165,43,0,21,50,31,0,132.3272075,1
ZiITCnnFbwQ,1,1,1,10.27203877,31,609,294,8,0,76,178,26,0.938798249,383,202,73,0,15,54,20,0,169.7064431,3
rMMpeLLgdgY,1,1,1,13.86915114,6,161,88,3,0,15,173,3,0.774291109,10,9,2,0,0,22,3,0,0.82125,12
AyDHP9puCag,1,1,1,31.22065789,5,228,143,5,0,19,129,37,0.906572362,563,236,93,0,42,13,13,0,252.9741454,2
ACx1t-Tv14k,1,1,1,16.29818182,6,165,104,3,0,25,242,33,0.924057618,518,236,70,0,16,45,4,0,230.8326566,
eOsY84oYqKg,1,1,1,14.74623083,30,826,393,13,0,140,295,,,,,,,,17,1,0,,3
hI_EHXTUpzA,1,1,1,23.53125,2,88,60,2,0,7,230,59,,969,363,160,0,62,49,68,0,432.7758776,
wE1tZ6AF8wU,1,1,1,12.40061096,21,371,242,7,0,45,306,27,0.923323659,348,165,57,0,19,64,58,0,153.8628846,10
FF-UXsxj-Wk,1,1,1,46.93462,8,375,236,6,0,24,326,35,0.957553637,652,240,87,0,19,27,35,0,296.1528523,
_f97dPx2vjI,1,1,1,20.99397333,3,125,73,5,0,15,117,9,0.965753108,214,115,26,0,19,12,4,0,98.2671875,52
mMcz8jeAvIY,1,1,0,-1.945,1,6,6,1,0,0,250,25,0.964049876,260,135,43,0,7,33,24,0,113.5363043,12
77oyUdNZ054,1,1,1,26.57455274,7,321,185,9,0,20,326,16,0.785053839,169,116,17,0,4,31,10,0,69.34971223,1
qtqN9Bcvt4U,1,1,1,17.75115591,8,279,164,3,0,40,208,8,0.945817673,93,64,13,0,1,71,69,0,39.46607143,10
Jwb6qCD-GKE,1,1,1,12.36144518,28,602,311,7,0,81,284,16,,241,130,38,0,22,36,13,0,109.4866818,24
t2e__ebF36g,1,1,0,6.12,1,8,8,0,0,0,360,5,0.909168585,58,37,7,0,2,63,36,0,25.28222222,
TtAP3-xQlgE,1,1,1,23.99512821,3,117,86,3,0,5,84,8,0.947662473,96,61,13,0,6,3,2,0,37.939875,
H5LuUPA8Hvk,1,1,1,9.970765043,31,557,294,10,0,66,233,8,0.949935486,99,62,19,0,9,12,6,0,42.58827586,
zK8gvcz6vYA,1,1,1,16.72717054,3,86,60,3,0,10,206,53,,780,293,133,0,39,19,28,0,343.4372254,
kOnN-Zh6HHE,1,1,1,106.615,1,198,128,1,0,9,259,59,,885,362,119,1,69,2,4,0,400.8424125,
bIhy-Rb2xp4,1,1,1,20.1476875,4,160,114,3,0,27,117,15,0.871545088,131,91,17,0,1,6,1,0,52.27457944,9
E4nEnsvdJ4Q,1,1,1,21.52305294,7,197,128,4,0,19,311,26,0.9576139,381,210,47,0,24,15,6,0,173.2415543,7
kID-schp2eg,1,1,1,9.857818826,32,494,257,8,0,66,251,70,,974,363,167,0,39,9,1,0,436.4116724,14
3GLhwx_G5gE,1,1,1,10.31208672,18,328,197,8,0,63,106,37,0.966406018,478,213,84,0,23,20,10,0,212.1785012,6
wNnw9Luiv2M,1,1,1,9.049352979,14,223,136,6,0,36,109,2,0.961686004,17,16,2,0,1,25,6,0,6.881875,33
OrcdGY64iEE,1,1,1,8.382878788,3,44,43,7,0,6,149,,,,,,,,64,58,0,,2
TYINyqyp8xE,1,1,1,32.34722222,1,54,35,3,0,2,109,50,,808,294,147,0,43,18,12,1,355.7886975,
OlP9j1Z2Qbo,1,1,1,8.771207412,35,478,281,9,0,47,199,35,0.895945281,576,222,107,1,55,8,1,0,258.9190057,11
lLGpRQNAku4,1,1,1,19.96826087,2,46,41,2,0,6,232,12,0.942181379,168,102,28,0,8,10,2,0,74.75489796,
dhIEqen1siQ,1,1,1,8.753977609,36,526,298,9,0,67,267,,,,,,,,2,7,0,,4
GY8S5ts8_p0,1,1,1,24.98157143,5,210,140,2,0,16,255,,,,,,,,6,3,0,,1
zgd2g-SICIc,1,1,1,55.46465347,1,101,76,3,0,9,219,10,,138,82,19,0,6,24,1,0,61.8202439,63
dGRzVyj3vPw,1,1,1,16.20692308,1,26,25,1,0,3,174,31,,598,232,87,0,42,3,4,0,269.5952486,0
9M72oTDgBgc,1,1,1,8.454011494,12,145,113,5,0,20,158,19,,134,77,22,0,2,19,8,1,50.17990385,11
rrQaifY-kdw,1,1,1,10.06588235,1,17,17,1,0,2,160,32,,433,188,73,0,25,28,1,0,192.3579949,3
4BVbYDavIyQ,1,1,0,10.061125,5,80,63,3,0,11,178,5,0.926270161,67,48,11,0,4,44,27,0,30.864,54
TKGBNNRWYts,1,1,1,18.34365854,2,41,31,2,0,0,136,64,0.93261697,942,331,170,0,43,44,5,0,414.5039639,28
T28YaCoRd1E,1,1,0,16.28015625,2,64,44,4,0,11,352,2,0.97144396,67,52,11,0,5,30,18,1,31.17625,7
QKbczu4TR_Q,1,1,1,17.750625,2,48,44,2,0,9,189,19,,261,128,46,0,11,17,1,0,115.8101717,1
xi9FH0gWLn4,1,1,1,16.83,1,20,20,1,0,3,102,59,,893,285,131,0,54,57,10,1,394.8900126,7
3CAQ0ydXatM,1,1,1,21.01615385,2,78,63,2,0,8,60,11,,196,116,31,0,10,6,6,1,88.43614525,
_1I3bIx1ge8,1,1,0,7.89483871,4,62,52,2,0,10,324,,,,,,,,38,29,0,,
9tvD2sMl9hI,1,1,1,19.14780488,2,41,37,2,0,2,252,16,,177,89,35,0,15,3,1,1,75.0255625,
BubcCGoClzc,1,1,1,46.03451613,1,62,50,2,0,4,160,26,,389,177,61,0,19,14,2,0,173.6789914,
jPJb30zPGLg,1,1,0,17.277,1,30,29,3,0,4,108,3,,8,8,1,0,0,16,10,0,-1.53375,
sNLk_bHlK1w,1,1,1,18.34365854,2,41,31,2,0,0,140,2,0.96697481,10,10,0,0,0,27,12,0,3.17625,
LO-hIUcLinY,1,1,1,44.50917647,1,85,70,2,0,14,217,16,,70,54,11,0,0,68,152,0,26.28852459,
QA1KHpMikYE,1,1,1,18.34365854,2,41,31,2,0,0,131,,,,,,,,4,3,0,,
SRSJILKSx18,1,0,0,0,0,0,0,0,0,0,342,25,0.937869931,320,152,60,0,25,22,64,0,142.1365468,19
e0XN_hjfQiA,1,1,1,14.67170213,4,94,71,4,0,12,251,42,0.890784291,557,206,77,0,24,18,31,0,244.3543827,47
VZBGZ7YT-vY,1,1,1,12.59360544,3,49,42,2,0,6,142,8,,51,39,6,0,0,24,16,0,16.18682927,52
WM3v85H1jX0,1,1,1,18.66649485,5,97,79,2,0,11,277,11,0.884370824,148,108,25,0,9,9,6,0,63.76681818,3
8UVyZKpPto4,1,1,1,13.55173913,3,69,50,3,0,11,309,9,,71,49,11,0,0,2,1,0,25.00105263,3
StG4seQPUyc,1,1,1,10.25465121,44,490,251,11,0,48,226,26,0.864865899,430,208,66,1,23,19,8,0,190.692961,3
Qvm77ZuZJlQ,1,1,1,10.89705882,1,17,17,2,0,2,77,18,,167,106,23,0,3,29,54,0,70.40014085,
cZz7EvpXn10,1,1,1,14.62,3,75,55,3,0,10,211,22,0.961873487,349,146,38,0,22,5,22,0,159.3675938,3
dH9Y_rby-jQ,1,1,1,6.965714286,3,21,21,2,0,4,192,16,0.966944218,203,104,36,0,8,20,19,0,85.195,11
z3fIF0kmRhs,1,1,1,15.48904029,28,617,344,11,0,71,308,55,,859,307,107,0,40,50,31,0,382.6601304,52
H8rHmS7d5wo,1,1,0,13.11671171,3,74,56,3,0,10,61,,,,,,,,21,9,0,,
74s6eiBBBFU,1,1,1,10.68783878,29,527,299,9,0,66,284,29,,534,272,60,1,31,42,35,0,239.1796203,
91d7RAFI-2w,1,1,1,10.48499179,28,522,272,8,0,59,305,,,,,,,,42,26,0,,
TidRyyrTz4k,1,1,1,8.503333333,7,126,100,3,0,13,222,,,,,,,,29,29,0,,2
8K61V8gSnDs,1,1,1,37.39983527,6,344,189,5,0,27,95,31,,519,205,74,0,28,33,1,0,230.7309287,
mQA9XFp8_hE,1,1,1,11.05193728,36,698,344,10,0,98,245,6,0.941473285,93,56,16,0,6,34,1,0,39.67365854,
aJ1ktj_9exI,1,1,1,20.33458333,3,72,61,2,0,9,226,4,0.699273249,55,40,10,0,4,1,1,0,21.59846154,
5pD9HnPYQao,1,1,1,9.716890244,30,492,283,9,0,52,205,9,0.92821369,89,54,15,0,3,50,4,0,37.1360274,
LvaVsnHbIbI,1,1,1,11.20654633,23,442,262,7,0,47,287,31,0.94646715,391,144,41,0,22,45,25,0,177.2040171,
UIQgolIGQEU,1,1,1,14.8673484,26,548,294,11,0,73,220,34,0.902180976,500,221,77,0,30,29,9,0,219.2092081,4
HyKyfNkoBOo,1,1,0,36.31724138,1,58,42,2,0,2,296,17,0.971685082,241,133,51,0,10,14,1,0,109.0674771,10
8xz4VCgx-uE,1,1,0,10.96283133,4,83,63,3,0,13,222,6,0.923322907,54,44,9,0,3,64,58,0,20.91,45
TNspLEjrQ00,1,1,1,11.71352869,9,182,116,6,0,26,235,20,0.897988296,319,184,61,0,27,13,20,0,141.7774737,20
A-8de9LuVJQ,1,1,1,10.414375,1,16,15,2,0,2,158,9,0.881773055,173,86,34,0,11,4,5,0,73.99875,26
C8yAb7MDW5k,1,1,0,3.599411765,2,17,15,2,0,3,216,19,0.865158447,155,92,18,0,3,7,5,1,61.08285714,6
2M3tKFajs90,1,1,1,16.0075,1,16,15,0,0,0,156,12,0.964872708,133,71,17,0,5,36,5,0,61.05387931,1
r3Bcu08av_Q,1,1,1,17.27342029,6,115,94,4,0,10,264,2,0.961559025,21,20,2,0,1,59,17,0,12.11578947,
J8uGuJ9rQVU,1,1,1,20.22647059,2,51,32,2,0,8,225,19,,362,152,61,0,32,6,15,0,163.1945921,
rnl0Pp8WtXA,1,1,0,12.60538462,1,13,13,0,0,0,340,34,,609,272,99,0,34,8,2,1,279.8842934,
SQob7fvd-zQ,1,1,1,19.49640625,20,384,244,6,0,26,261,19,,297,144,63,0,17,52,26,0,130.6015672,4
4X0jKnpc7lQ,1,1,1,23.31166667,8,360,209,5,0,54,330,5,0.969584932,93,59,17,0,5,16,16,0,38.06536585,6
iZJMOAIrUIM,1,1,1,9.325442177,3,49,42,2,0,5,165,5,0.955592453,35,30,4,0,1,5,10,0,12.55965517,
NR1fyFM1Dro,1,1,1,28.74154229,3,134,105,6,0,13,152,36,0.972116366,642,195,128,0,45,19,2,0,293.2001513,
xRyYAvhpeMk,1,1,1,11.76897833,19,493,202,9,0,94,156,4,0.970805903,98,67,18,0,9,5,1,0,44.61802198,
I8D8zpLqpw8,1,1,1,0,0,0,0,0,0,0,302,28,0.840081792,309,154,36,0,12,44,49,0,134.3322472,52
PSRgQFSuX7o,1,1,1,12.53423077,4,78,61,2,0,7,195,26,,299,145,49,0,19,4,1,1,129.3711524,10
sZEeCWcwD1g,1,1,1,17.63356322,3,58,39,2,0,5,359,23,0.949112296,330,152,47,0,24,20,5,1,141.8253103,4
5nEnB97_W6I,1,1,1,12.93935484,5,93,78,4,0,9,212,43,0.969841838,574,257,90,0,27,16,11,0,259.0154335,12
Bz5AjMAA8fg,1,1,1,18.00051724,2,58,47,3,0,7,217,61,0.96775903,874,338,146,0,58,48,56,1,387.886139,5
FLYHICUIYDE,1,1,1,8.26,1,6,6,1,0,0,101,34,0.962654511,497,231,79,0,33,77,4,1,220.7673258,5
33nZHuUkyMw,1,1,1,9.7275,3,48,37,2,0,5,229,20,0.893627879,264,139,40,0,21,21,29,0,115.9314592,1
LbGYHhQRtVs,1,1,1,13.91333333,6,157,107,3,0,21,304,65,,913,338,136,0,43,48,34,1,404.7745332,11
9iUB9GMxjNw,1,1,1,0,0,0,0,0,0,0,129,5,0.955288008,72,49,13,0,6,32,20,1,28.89553846,5
PBjatPLjof0,1,1,1,29.31291375,3,143,103,6,0,15,167,36,0.963541554,585,227,72,0,37,48,10,0,257.4779882,1
ZBFs0cbadqo,1,1,1,5.852,1,15,15,0,0,3,318,21,0.910231543,444,181,48,0,27,9,11,0,200.63635,1
Z4NWmUjuaxg,1,1,1,19.59666667,2,72,52,3,0,9,249,,,,,,,,46,24,1,,5
XJhz6nVBdWw,1,1,1,13.57933333,2,45,35,1,0,2,297,36,0.922065151,554,231,72,0,32,53,15,0,251.7930357,
PtpSVGSY59A,1,1,1,5.007486601,27,463,233,14,0,97,240,56,,769,274,146,0,40,66,38,1,342.0740552,
OJq_3J8x2qY,1,1,1,12.13457364,3,43,35,3,0,4,185,4,0.783045193,19,17,1,0,0,34,118,1,10.876,
ySScxN8MuFU,1,1,1,21.37277778,5,162,101,3,0,16,331,27,0.913354002,494,243,62,0,32,37,44,0,223.0910135,
gwVnGs9p-h0,1,1,1,12.54199365,9,175,124,5,0,19,334,19,0.927809695,297,163,36,0,16,9,4,1,136.7306204,
0-h7haNhAic,1,1,1,12.68723801,18,352,196,4,0,48,110,5,0.955789864,82,41,7,0,4,21,10,1,33.73708333,
LjRmmPTdFgE,1,0,1,0,0,0,0,0,0,0,180,17,0.954964598,309,139,67,0,17,18,6,1,140.7229021,
NmU0B-XAUr0,1,1,1,12.4410929,3,61,50,3,0,8,151,5,,19,17,2,0,0,35,3,1,5.41,
J5T1YkE1tGM,1,1,1,13.48294118,3,51,40,2,0,3,205,56,,899,350,151,0,57,65,58,0,399.8312219,
VQcnVBfkIkE,1,1,1,11.98173913,1,23,22,0,0,6,335,,,,,,,,21,26,0,,
Z-d5srfI9to,1,1,1,19.6768,2,75,54,2,0,10,217,6,0.865525137,71,49,14,0,4,55,33,1,27.56428571,
XETG8azHiv4,1,1,1,19.04123016,8,189,139,7,0,21,273,16,0.91038233,276,145,37,0,15,53,19,0,122.459918,
fRJCfgorLzM,1,1,0,20.28515152,3,99,82,2,0,16,320,11,,290,136,48,0,18,3,1,1,132.7798876,4
WI6f8aoWyD8,1,1,1,9.916484848,3,55,49,2,0,5,149,11,,141,79,16,0,9,6,8,1,64.09944882,6
v-yeVxI4CeE,1,1,1,9.902176871,3,49,43,2,0,3,109,49,0.950672686,795,279,136,0,52,27,15,0,355.1100983,5
bn4NX4x81Fk,1,1,1,0,0,0,0,0,0,0,340,,,,,,,,4,1,0,,6
r6IMMEp56ts,1,1,1,9.118636364,2,22,16,0,0,4,98,30,0.909078151,381,192,49,0,21,63,36,1,174.3253779,25
46xCuYATOyA,1,1,1,16.59625,3,48,38,2,0,5,176,3,0.926516162,31,25,4,0,2,11,13,0,20.32535714,64
_eTAUmqG7b8,1,1,1,12.79886364,8,176,109,5,0,32,68,31,,495,206,58,1,21,29,12,0,226.5151002,1
2TiuzhZRmXs,1,1,0,6.12,1,8,8,0,0,0,301,7,0.956328428,78,55,16,0,5,9,4,0,36.78357143,11
viSt5pmKoL8,1,1,1,12.0655,2,20,19,2,0,3,256,32,0.968260547,511,192,83,0,28,21,7,0,225.0195787,
MKS2Hm5ofBE,1,1,1,9.884148629,35,594,322,7,0,55,291,,,,,,,,20,3,0,,
Tqfsh-V41Oc,1,1,1,22.17685714,3,105,81,2,0,9,202,51,,551,216,98,0,25,43,12,0,243.2507911,
8fxy-dMqt1Y,1,1,1,26.74061538,5,195,135,3,0,14,209,18,,263,133,55,0,24,25,31,0,117.8025,
0cd-4xuiguo,1,1,1,12.12,1,20,17,1,0,0,217,44,,789,355,101,0,40,44,13,0,355.743103,
IDDPNuU-420,1,1,1,37.71606557,1,61,55,3,0,7,75,62,,1050,313,163,0,73,20,6,1,475.3136221,39
OMn8Tq5Eyao,1,1,1,13.28883495,5,103,81,2,0,10,208,14,,198,107,22,0,14,21,20,0,91.04645714,47
iPKbj0IUld4,1,1,1,14.61863636,1,22,17,1,0,2,169,,,,,,,,10,3,1,,1
RpfHg6Que7E,1,1,1,13.3902907,8,172,115,3,0,23,247,10,0.909035753,69,51,13,0,4,81,63,0,26.07526316,8
R5FworVXyW0,1,1,0,8.957647059,2,34,29,1,0,5,153,,,,,,,,2,1,0,,8
91ixIPtg90Q,1,1,1,19.66546875,2,64,46,3,0,4,106,53,,822,243,168,0,48,58,89,1,369.4894786,1
xDmxMz688As,1,1,0,13.77301863,9,173,125,4,0,29,127,,,,,,,,7,3,0,,0
KJLfx6GG03k,1,1,1,18.19802083,3,32,29,1,0,5,71,26,,418,186,48,0,23,15,34,0,188.1278167,1
AAPhWbG_zLs,1,0,0,0,0,0,0,0,0,0,119,67,,1079,368,191,0,69,28,40,0,479.3550779,10
G8svzYKU40E,1,1,0,9.475,2,20,19,2,0,5,353,17,,119,89,16,0,3,10,10,0,48.48350515,8
iuQnWadkBKw,1,1,1,12.8265,1,20,20,3,0,5,142,34,,487,194,67,0,17,15,5,0,218.5372414,7
RAfoWVy6XhM,1,1,1,8.984285714,1,7,7,1,0,0,115,59,,992,379,128,0,58,21,27,0,456.4687733,5
bLgEKIYmBOg,1,0,0,0,0,0,0,0,0,0,127,47,,891,338,109,0,57,45,48,0,396.9114159,3
oFeKF1dILGY,1,1,1,5.544,2,25,25,2,0,5,153,,,,,,,,57,83,0,,2
9uUXgMNS23k,1,1,0,11.8845,1,20,19,1,0,3,129,22,,469,165,64,0,28,14,7,0,208.6410526,
0_XOaS66TcM,1,1,0,272.1746746,1,507,233,5,0,33,149,28,,293,171,34,0,16,78,81,0,124.72732,
CKlSFlnmDcY,1,1,1,8.395517241,2,29,26,2,0,2,289,31,,484,225,64,0,14,24,17,0,224.4693973,
cE4AtrVEz1Y,1,1,1,15.15586957,2,46,38,2,0,4,206,30,,539,221,97,0,47,7,10,0,234.6782911,
jKrSV5cX9rI,1,1,1,7.108,2,30,28,1,0,6,229,38,,586,199,116,0,47,16,4,1,258.4931679,
ImrjXLooqi0,1,1,1,15.45875107,7,167,118,7,0,22,290,34,,620,245,104,0,42,38,15,0,278.8734643,
QSbU-AI5vuE,1,1,1,12.18652174,1,23,22,2,0,4,193,19,,67,43,7,0,2,32,18,0,22.77510204,
sO8s69V8al8,1,1,1,16.56923077,3,78,55,3,0,13,120,33,,450,221,67,0,26,63,38,0,199.8375188,
HUWy9V-of-0,1,1,1,16.029375,5,144,101,5,0,21,75,16,,205,115,23,0,5,4,5,0,93.46874286,
jL5mNay_Xt0,1,1,0,22.75084866,7,202,136,5,0,26,113,22,,372,194,48,0,19,8,3,0,168.1855357,
4YGWbAosr-c,1,0,1,0,0,0,0,0,0,0,284,50,,729,265,90,0,44,31,27,0,324.9920399,
wOIZEz0hAY4,1,1,1,12.74261006,29,759,327,12,0,153,263,5,0.966786375,75,54,14,0,7,34,38,0,34.54909091,4
AM5MgWN5C8c,1,1,1,9.266315789,6,57,49,3,0,10,67,,,,,,,,5,1,0,,3
PMjtbvqlqso,1,1,1,11.58510736,8,163,115,6,0,22,312,54,0.956474726,1049,388,114,1,79,11,7,0,467.7416077,1
K2BHxaajpcs,1,1,1,11.33752809,5,89,73,5,0,13,301,5,0.975071505,129,76,22,0,13,21,3,0,59.74539823,4
JzqLU9O1RWM,1,1,1,24.35833333,2,90,62,2,0,9,226,47,0.850293293,408,167,61,0,20,23,35,0,171.8160345,0
V_WaqwJ96uU,1,1,1,13.03673077,4,104,72,1,0,10,173,41,,715,281,107,0,46,44,14,0,323.274376,22
69HCEUzFXgU,1,1,1,53.5230303,1,99,71,3,0,12,82,56,,894,288,149,0,48,28,33,0,394.5993939,
gdM1ph62zno,1,0,1,0,0,0,0,0,0,0,267,11,0.966488441,96,64,16,0,3,31,27,1,40.84813953,9
HHxsg3XmKSQ,1,1,1,11.58151435,16,331,190,10,0,65,101,56,0.95434745,974,358,161,0,58,52,34,1,441.8152881,6
43JdUcz1Y10,1,1,0,19.60164474,4,152,110,4,0,13,217,16,0.969722122,266,130,32,0,17,16,11,0,119.2597479,
SuwR46p7wrA,1,1,1,28.75592683,4,205,142,6,0,22,174,58,,878,342,161,0,45,107,82,0,392.2323574,
J5c5AfZflaI,1,1,1,13.405,2,42,34,1,0,5,60,42,,636,203,128,0,40,10,8,1,277.3052424,
e9B4D7GBHNE,1,1,1,9.431723901,26,448,247,6,0,47,206,30,,720,235,103,0,42,37,34,0,324.1471889,7
spGKvuAwv_w,1,1,1,37.84869565,1,69,52,3,0,7,111,55,0.959911962,550,186,68,0,38,26,18,0,256.2288588,0
xtbjNvj7k9M,1,1,1,18.86072165,5,97,79,2,0,11,246,32,,496,251,56,0,21,45,17,0,221.2224828,24
C5dU3zqkT8o,1,1,1,14.6256092,6,145,100,3,0,20,316,8,0.782068357,61,45,11,0,0,43,48,0,24.75315789,3
T12v9QTVwQQ,1,1,1,9.451566308,31,540,287,8,0,70,260,17,0.789779648,169,85,33,0,12,2,1,0,66.82413793,1
frfjj1OiidU,1,1,1,19.49993671,10,316,187,7,0,28,358,,,,,,,,8,3,0,,0
KqEqzi6eXGY,1,1,1,11.02687844,29,533,302,7,0,46,157,6,0.963173008,92,58,9,0,3,11,5,0,38.881875,1
2KfiNn9SF3o,1,1,1,8.956640585,39,698,345,7,0,96,284,21,0.936461223,305,154,44,0,14,35,3,0,138.5923636,9
hfZ5v11hXDU,1,1,1,11.64848051,31,663,289,7,0,121,335,10,0.717392099,112,78,17,0,5,9,2,0,49.0585,
92lqVZ22rfA,1,1,1,10.37973214,21,384,225,7,0,39,234,7,,33,25,4,0,1,3,2,0,12.65444444,20
sNNknWmTUJo,1,1,1,10.92263995,37,646,363,7,0,69,177,19,,385,206,43,0,16,3,5,0,171.2834821,
15IeTaS5AUI,1,1,1,22.6547619,2,63,48,2,0,2,190,6,0.950554916,90,60,12,0,5,8,13,0,36.35025,9
2_-GiiulAw8,1,1,1,21.235,12,471,293,7,0,60,221,,,,,,,,18,1,0,,
4KJrK949t40,1,1,1,10.6799867,33,615,333,8,0,68,234,33,,565,246,85,0,33,35,7,0,249.6472745,
lPdOdgvprsM,1,1,1,10.20539513,24,445,242,7,0,45,207,31,,512,256,63,0,35,41,30,0,237.33,
Y13hVozxXD0,1,1,1,8.913371628,28,429,245,6,0,45,142,7,0.952605337,116,75,23,0,4,21,14,0,50.27669811,
4y7JcA5nnxc,1,1,1,11.20119394,23,445,252,7,0,44,181,34,0.930569859,502,192,79,0,24,50,5,0,225.3540749,
AqV5bUpbCpY,1,1,1,11.52258929,7,144,101,4,0,13,110,23,,152,107,20,0,5,15,30,0,60.58925,
T_g1JJKmC6g,1,1,1,12.67578035,10,173,121,5,0,20,276,2,0.962430525,31,25,4,0,4,50,23,0,17.46571429,1
indqygzNW3w,1,1,1,54.31940299,1,67,50,1,0,8,186,49,0.954728454,648,302,92,0,36,58,30,0,289.2772021,3
Hf4YEIrLC2I,1,1,1,26.0075,1,36,33,2,0,4,101,13,0.925504267,163,102,17,0,6,3,5,0,69.29574627,5
oV9JE5K_uiM,1,1,1,8.5125,1,12,12,2,0,2,126,51,0.945860767,700,275,107,0,37,71,69,0,311.5580604,0
L7gOz64tpTo,1,1,0,9.062222222,3,27,25,2,0,2,127,38,,609,302,80,0,39,17,26,0,268.4504104,2
x0uj1jmHfrM,1,1,1,17.44762235,29,687,390,7,0,66,277,63,0.971024147,1036,346,153,0,54,30,18,0,473.4668987,1
KylrAw2e8mA,1,1,1,12.67180791,3,59,46,2,0,5,252,29,,226,119,29,0,7,17,13,0,94.31560209,1
A370WEFeVm4,1,1,1,18.1525,4,100,76,3,0,17,172,23,0.820132689,252,171,24,0,2,38,15,0,108.5257477,5
QZDn2g98xk0,1,0,1,0,0,0,0,0,0,0,73,5,,30,24,3,0,2,33,54,0,9.5332,2
ReHM_G1Dsic,1,1,1,26.96618421,6,228,149,4,0,17,96,,,,,,,,19,1,0,,
7SbK7u6L2eU,1,1,1,15.90318182,1,22,21,1,0,1,255,,,,,,,,52,4,0,,0
byLV2bESY4k,1,1,1,16.11986144,18,425,237,6,0,55,239,53,,844,321,138,0,50,2,3,0,381.8372621,0
HaI0smmx8w0,1,1,1,21.78824027,6,197,109,3,0,18,230,11,0.841175497,137,90,15,0,7,38,61,0,59.18612069,0
1zEYPwpppfk,1,1,0,13.85105263,1,19,16,1,0,2,161,6,0.962598542,57,42,12,0,2,1,3,0,25.13096154,
vK3nxfKM4Q4,1,1,1,6.854090909,4,55,39,3,0,9,83,16,,328,159,58,0,25,17,10,0,149.1998,
OcKxYb9mZcU,1,1,1,50.0264557,1,79,65,1,0,3,221,72,0.945989653,950,271,156,0,47,50,4,0,415.887491,
ngcneqHdH88,1,1,1,21.7112069,4,87,49,1,0,3,161,23,,494,189,81,0,32,12,14,0,218.2731293,
4_KtF74ibPw,1,1,1,25.70217391,1,23,21,0,0,0,106,,,,,,,,10,4,0,,
bN-8oYVilps,1,1,1,16.82153846,4,78,58,1,0,5,200,62,,1016,310,168,0,46,92,38,0,448.9951835,
bnqwDZta64Y,1,1,1,7.579,2,30,27,2,0,3,241,24,,518,210,81,0,37,18,21,0,238.7241509,
nLodV8G-FRc,1,1,1,20.96962963,6,162,108,3,0,11,300,15,,301,149,37,0,24,16,11,1,131.5786466,
RF769x31Sms,1,1,0,-6.3,1,2,2,0,0,0,205,,,,,,,,,,0,,
Tt3J0flYZt8,1,1,1,0,0,0,0,0,0,0,257,2,0.591723144,8,8,2,0,0,10,57,0,-5.145714286,
XcoqTLHYe2k,1,1,1,22.6893662,4,142,101,3,0,13,61,36,0.915935301,544,198,65,0,22,1,3,1,245.2475254,1
Sl2bcHVR1l8,1,1,1,0,0,0,0,0,0,0,311,48,0.957079317,809,276,144,0,44,45,26,0,362.6845467,2
uXI1TLuM63k,1,1,1,19.75098639,3,98,70,5,0,12,149,20,,201,102,41,0,7,24,1,0,78.39988024,21
rynDFJw4Ni0,1,1,1,18.68486896,12,407,199,11,0,62,176,39,,553,219,85,0,35,38,28,0,247.1555758,1
6aa_AseIQxo,1,1,1,14.58218045,7,171,121,4,0,25,180,63,,951,271,192,0,73,11,1,0,424.6235439,
Ht8yNvemmQg,1,1,1,9.025072464,3,23,23,1,0,3,298,30,,538,216,89,0,31,37,16,0,245.2097561,
r5xzcwwJ-B8,1,1,1,31.19428571,1,42,40,2,0,1,64,6,0.972330689,64,43,5,0,6,6,8,0,30.37210526,
vrj7MqVz_Hs,1,1,0,3.272266667,3,25,24,1,0,5,167,15,0.716029778,64,50,12,0,0,6,25,1,21.14557692,4
f-ngEcF1nXU,1,1,1,0,0,0,0,0,0,0,326,,,,,,,,13,22,0,,
cf9rTvC9U8Y,1,1,0,15.01450216,3,77,69,4,0,10,93,14,,118,64,18,0,4,3,1,0,45.91090909,
XUWNvlnyAQk,1,1,1,0,0,0,0,0,0,0,249,56,,1050,392,115,1,83,11,7,0,467.3063627,
uqWdE5I_I_M,1,1,1,8.631422665,33,557,245,12,0,87,174,36,,643,242,89,0,45,14,23,0,292.6020583,
5vwJCqCrMgk,1,1,1,24.86406537,11,356,228,7,0,41,146,3,,8,7,1,0,0,45,98,0,2.765,
dEfaxiSUFvs,1,1,1,10.43037185,30,502,246,9,0,62,338,5,,57,41,11,0,0,23,21,0,23.00235294,3
b2I6JujQFtk,1,1,0,7.475,2,12,10,1,0,1,172,51,,920,319,134,0,48,40,54,0,414.3623409,6
NMvrqByanI0,1,0,1,0,0,0,0,0,0,0,236,4,0.936928034,62,48,13,0,3,10,16,0,30.55155172,7
b0LzhAhmAnM,1,1,0,10.85524823,3,47,37,2,0,6,261,53,,680,257,114,1,36,26,10,0,289.1129231,1
zDiEeDxvP7g,1,1,1,25.39876923,4,130,101,2,0,8,315,41,,520,209,58,2,27,3,5,0,231.1896312,3
_uUNUVibyaA,1,1,0,3.604615385,10,78,60,4,0,12,310,37,,557,252,63,0,28,4,2,0,252.2251497,1
wHk_agRE2Lo,1,1,0,12.51978261,4,69,57,4,0,6,166,39,,710,265,137,0,41,66,16,0,317.1017317,2
6NWm4zAW4Qc,1,1,1,86.76855172,1,145,125,2,0,17,315,12,,235,131,30,0,10,28,18,0,109.2091705,0
y75CLDEoEkQ,1,1,1,17.54292453,4,53,42,3,0,6,276,12,,159,83,22,0,10,12,27,0,64.38666667,19
kvilGivh_2M,1,1,1,11.99752688,3,62,49,4,0,13,174,26,0.966302256,487,209,79,0,28,20,6,0,217.6129291,
pw-2RFtVIbk,1,0,1,0,0,0,0,0,0,0,218,23,0.960259855,269,145,47,0,16,32,17,0,120.58925,
z1MZsK186io,1,1,1,7.533076923,2,26,24,1,0,5,176,2,0.893628432,36,32,6,0,1,21,29,0,14.05272727,
OKqWYX66KJ4,1,1,1,7.191818182,2,22,21,2,0,2,125,26,,301,166,41,0,21,50,31,0,132.4516226,
m5H1aKhg7DI,1,1,1,14.93013514,5,74,64,2,0,7,126,11,,133,91,17,0,7,11,10,0,58.56692308,
iGD0KJl0rng,1,0,0,0,0,0,0,0,0,0,171,29,0.948487163,539,246,94,0,18,8,4,0,246.1357287,
uxOZy6Aou1I,1,0,0,0,0,0,0,0,0,0,358,16,,214,131,22,0,6,13,32,0,88.4379661,
Z8oKroCE0Ms,1,1,1,11.72285714,1,21,19,1,0,1,239,,,,,,,,15,19,0,,
iAQZlZ84Xeg,1,1,1,20.15714286,1,28,23,2,0,5,260,10,,121,85,18,0,7,34,24,0,51.83439252,
UP348xehyl4,1,1,1,38.25826087,1,69,62,5,0,3,203,,,,,,,,21,42,0,,
S4JN4yGTXsQ,1,1,1,14.42410256,3,26,21,2,0,2,221,,,,,,,,21,13,0,,
cJNKMZP1NT4,1,0,1,0,0,0,0,0,0,0,324,,,,,,,,24,8,0,,
FZfz-K0VZXk,1,1,0,8.728183769,21,355,184,6,0,71,128,10,,150,94,29,0,7,5,1,1,66.19318182,54
OxH6kOud_10,1,1,1,9.101052632,2,19,19,1,0,3,180,42,,569,241,87,0,36,25,1,1,249.7235458,15
LKn6vHG3cLc,1,1,1,7.17625,2,32,29,5,0,7,140,20,,309,183,50,0,17,59,24,0,138.3414388,28
MrzbFpzt_4s,1,1,1,14.48611111,2,54,49,3,0,8,151,11,,312,145,48,0,18,23,3,1,145.153218,5
YX1nn4uN4fk,1,1,1,12.29344828,2,29,26,1,0,5,114,11,,282,152,30,0,22,22,16,0,128.648125,20
dFlE-rRX5pg,1,1,1,10.91428571,3,42,38,2,0,8,334,53,,897,298,150,0,45,6,4,0,402.1923201,11
ekzBdZZTRrU,1,1,1,17.70791209,7,182,126,3,0,16,221,8,,144,90,20,0,11,1,2,0,65.3055814,32
shMODE8lzkk,1,1,0,20.180625,1,32,30,2,0,1,171,,,,,,,,49,7,1,,11
FNI00N5dZSI,1,1,1,10.69608974,3,52,48,1,0,13,205,52,0.908314522,737,299,86,0,50,22,7,1,332.4014048,28
1dwIceQdbiA,1,1,1,15.86767857,2,56,48,2,0,8,282,25,,274,138,41,0,21,8,4,0,122.0350607,40
toffLT1EQUw,1,1,1,14.95764461,33,713,345,15,0,95,336,61,0.812686961,582,196,100,0,22,51,7,0,246.7066467,17
dcurlOHLi78,1,1,1,19.71358209,2,67,54,0,0,6,285,17,,327,164,53,0,18,24,4,0,151.350495,3
MI4J7Uo4A7s,1,1,1,17.70976,5,125,96,4,0,14,251,23,,389,170,40,0,19,5,17,0,175.5786207,2
dLKGWoOI1X8,1,1,1,15.45098131,4,107,62,2,0,9,171,9,0.967933297,95,73,16,0,5,33,24,0,41.86084337,
7X5Br3YMCWE,1,1,1,17.63251236,19,543,311,11,0,93,211,63,,1135,390,198,1,85,21,16,0,515.5509363,
xh41aSPf5_M,1,1,1,15.73041667,3,64,52,2,0,7,151,5,0.928243913,65,53,14,0,2,57,32,1,26.73631579,
ZQNRIeH101U,1,1,1,8.67618999,33,534,283,8,0,71,187,18,,279,131,34,0,16,,,0,124.9554217,
nekt1YY0RRc,1,1,1,17.02886358,18,439,207,5,0,38,197,9,0.961278021,85,62,11,0,1,15,9,0,36.82864865,
P2SWz2pu2NQ,1,1,1,14.54507109,10,211,120,6,0,44,153,,,,,,,,29,1,0,,
bhOF3Kx8CEQ,1,1,1,13.36761905,3,63,56,3,0,8,151,,,,,,,,45,50,1,,
mgdvJtJrMuI,1,1,1,9.62673913,2,46,37,2,0,4,185,15,,213,123,46,0,17,49,3,0,94.95365482,
7zcN5OeG5o4,1,1,1,18.88612903,3,93,66,3,0,9,148,30,,515,218,76,0,32,44,9,1,235.6358209,
MveYRVTaUyU,1,1,0,26.13938776,1,49,39,1,0,2,155,27,,632,289,110,0,45,6,3,1,285.3320419,
O1jhYm7uXqw,1,1,1,9.694705882,2,17,17,1,0,1,97,19,,183,94,32,0,2,37,6,0,74.41365385,
Etras1sDh84,1,1,1,36.35150943,1,53,49,3,0,5,353,3,0.900993115,23,21,1,0,1,8,3,0,11.27428571,2
bzmUMxVIQVI,1,1,1,29.31654167,3,160,120,6,0,28,160,43,,826,347,107,0,59,30,3,0,378.0778296,3
i1XnnBMXWHI,1,1,1,11.8062069,2,29,26,2,0,7,293,5,0.946366981,74,58,12,0,4,85,89,1,31.50415385,5
5iaZip66Ct0,1,1,1,14.88547126,6,145,100,3,0,19,235,41,,651,240,88,0,44,56,12,0,294.4779082,
LvkPlumDAGE,1,1,0,10.02209302,2,43,38,5,0,7,342,34,,529,222,82,0,32,38,26,0,232.3522484,
YEvH2mPyxWI,1,1,1,11.42380952,3,63,51,2,0,5,137,4,0.941008031,51,38,7,0,2,6,8,0,20.3076087,6
aSpWn1rd0co,1,1,1,24.88794872,3,104,74,2,0,9,144,5,,20,14,3,0,0,3,1,0,0.828,3
xkkBlcc4PW8,1,1,1,36.73473684,1,57,48,1,0,4,230,49,,558,201,81,0,41,28,91,0,243.532236,3
ZN1SDz17Y-M,1,1,1,13.82032258,2,31,30,2,0,2,334,38,,643,226,108,0,39,34,1,0,286.2697565,5
0Pux_usFxDk,1,1,0,17.0655,4,80,69,3,0,8,348,,,,,,,,11,3,0,,2
CqWbINKy_90,1,1,0,20.17751938,3,86,66,6,0,8,343,,,,,,,,19,3,0,,19
zrpkP3Ktm2E,1,1,1,80.92882353,1,153,105,6,0,25,316,2,,10,10,3,0,0,22,1,0,-3.3,3
_fCqEIn7ccA,1,1,1,14.9968,1,25,23,2,0,3,234,13,,187,102,20,0,6,5,2,1,82.73662651,5
FeSb9ve9IwQ,1,1,1,7.042540984,4,61,49,3,0,8,60,48,,826,354,120,1,43,39,42,0,365.5140574,5
mi1aHDXjp0Q,1,1,1,4.722857143,3,21,21,1,0,5,215,,,,,,,,4,15,0,,
cFltBQzpjw8,1,1,0,30.4525,5,248,135,3,0,22,347,4,0.930589286,51,41,4,0,2,7,19,1,20.88162791,5
bSL6ax3qxaU,1,1,1,9.16447619,6,70,60,2,0,12,333,41,0.963916111,732,255,140,0,30,19,15,0,327.8453182,2
YDGcBuwwKpQ,1,1,1,12.26723464,20,358,235,8,0,47,250,55,,707,285,114,0,44,20,28,0,321.5573364,4
a4WnWzTnMEY,1,1,1,10.61197954,27,496,267,7,0,54,213,30,0.976486564,466,205,70,0,29,28,22,0,211.411734,
gFq67iFrNIs,1,1,1,5.562,1,5,5,0,0,0,255,22,0.92518153,336,156,69,0,14,36,26,0,148.987053,7
FINg3Wg3IBo,1,1,1,29.17,1,7,7,1,0,0,187,41,,636,246,115,0,41,20,4,0,288.5288083,4
PDxCnPwklAM,1,1,1,11.42386364,16,308,172,6,0,37,76,53,0.959900074,835,272,153,0,60,10,6,0,372.6819519,3
FzXqOuXDMEE,1,1,1,22.28785714,3,84,70,4,0,9,246,50,0.949523369,782,266,141,0,56,12,6,1,344.6950432,
EevTWpEnWaY,1,1,1,11.72285714,1,21,18,2,0,1,235,18,0.967656642,317,154,40,0,13,55,4,0,145.451134,
pzU9Jy0rJVQ,1,1,1,18.13333333,1,9,9,2,0,0,339,61,,884,287,166,0,58,7,1,0,387.3616923,2
7Q8nrOm-t3w,1,1,1,20.11696262,4,107,81,7,1,16,122,40,,680,264,105,0,42,58,58,0,309.0234029,
CyOdY5L-YeE,1,1,1,16.0307963,29,637,346,12,0,79,240,49,0.91595866,330,114,59,0,34,2,3,0,136.2853763,1
uxBCLb5cQpc,1,1,1,34.68761084,4,203,128,4,0,13,141,43,,269,157,44,0,14,6,18,0,108.4590455,0
xgy5LJAGFbg,1,1,1,30.88,1,1,1,0,0,0,142,32,,359,172,61,0,20,39,23,0,158.799906,1
UZTBCTM3o_M,1,1,0,19.85705882,2,51,38,0,0,4,210,21,,325,145,53,0,17,9,3,0,147.6561695,11
mC_pySnBU_4,1,0,0,0,0,0,0,0,0,0,199,51,,873,345,117,2,50,53,37,0,392.7829771,3
IchZr7b9EwA,1,1,1,55.62160976,2,205,140,5,0,25,151,50,0.941315025,557,202,107,0,18,2,1,0,247.30638,16
SsF9XGvgr3U,1,1,0,7.88625,1,8,8,1,0,1,191,12,,86,49,22,0,1,3,1,0,29.84520548,0
Z5r8OHp-XII,1,0,0,0,0,0,0,0,0,0,324,21,,256,137,42,0,7,33,24,0,112.5875,29
bDSgic8osmE,1,1,1,17.0706228,13,394,213,6,0,52,226,32,,321,182,49,0,11,53,49,0,138.0155714,
Lcv0LbMjD4I,1,1,1,13.41875,2,24,22,0,0,2,82,13,,131,74,31,0,5,53,56,0,52.68948718,4
X6_wQKJsb8k,1,1,0,39.19796875,1,64,56,2,0,9,86,52,,768,254,103,0,52,61,16,0,341.6410526,
SEiFVzNbxBU,1,0,0,0,0,0,0,0,0,0,281,16,,306,159,38,0,22,20,23,0,138.7377174,1
0Y6DdLwjqiQ,1,0,0,0,0,0,0,0,0,0,266,,,,,,,,39,27,0,,1
hyv0hKNKiqU,1,1,0,28.36714286,2,70,62,2,0,9,292,36,,738,304,102,1,44,52,27,0,326.152844,1
j9jVGO4To4A,1,1,1,24.33,2,70,46,2,0,1,149,,,,,,,,12,4,0,,0
FyXUoB8ujMo,1,0,0,0,0,0,0,0,0,0,171,41,,603,247,75,0,26,11,10,0,268.2386111,0
yeOe6-n3-jM,1,1,1,24.45709677,1,31,24,0,0,2,163,57,,743,253,142,0,45,9,2,0,323.0343558,1
97v2WUJdWGc,1,1,1,55.43340426,1,94,75,2,0,3,297,,,,,,,,61,63,0,,1
pR6ibEdkAho,1,1,1,30.52028571,1,35,29,0,0,3,168,8,,97,73,22,1,7,11,10,0,43.06527473,
eF4BAEnZXpM,1,1,1,23.47272727,1,33,30,0,0,2,191,36,,557,213,103,0,40,5,8,0,249.7235458,3
M_zxqgRFTOU,1,1,0,38.035,1,42,41,1,0,0,128,61,,909,322,149,0,62,63,56,0,398.0889737,3
PI_LK4OjvNE,1,1,0,8.83,1,4,4,1,0,0,135,25,,432,209,61,0,22,40,56,0,190.0665699,6
o1srD-3rJV8,1,1,0,21.60652174,1,23,13,0,0,0,149,,,,,,,,15,13,0,,1
LcpRjHcu5bg,1,1,0,13.82478261,1,23,22,0,0,1,218,8,,88,68,13,0,4,17,63,0,37.32734177,
oXBg2FGdtuk,1,1,0,33.8082,1,50,41,3,0,2,229,6,,77,52,13,0,3,6,1,0,31.54268657,1
86O0ABciCRE,1,0,1,0,0,0,0,0,0,0,240,23,,228,123,30,0,11,3,3,0,98.20522843,4
oSo4zSAXN3M,1,1,1,10.405,2,30,27,2,0,3,353,49,,827,351,78,0,56,5,9,0,361.7304848,2
MThqK9flPj0,1,0,0,0,0,0,0,0,0,0,316,49,,607,241,97,0,42,22,14,0,264.3871857,2
_9_jkzKmO6E,1,1,1,16.56333333,1,9,9,0,0,1,280,,,,,,,,22,23,0,,11
qAE41uPa9c8,1,1,1,5.53125,1,8,8,1,0,1,317,39,,621,271,103,0,40,15,18,0,272.8990494,
pl8Gdu2nZpY,1,1,1,11.45021858,30,671,338,10,0,82,300,41,,666,269,95,0,29,45,38,0,304.4776974,6
mF2Vel8Ctlg,1,1,1,11.76675,2,40,38,1,0,6,267,,,,,,,,25,1,0,,
ulVYYe_y52g,1,1,1,32.47427419,2,124,86,4,0,17,138,24,,538,202,91,0,40,5,1,0,247.753012,1
1elEeIqzJlA,1,1,1,15.33904412,15,408,234,6,0,43,340,33,,537,228,65,0,28,22,6,0,245.9553988,5
pZMTahfZwIA,1,1,1,9.280228898,30,466,207,8,0,58,281,15,,69,49,9,0,2,22,1,0,23.46411765,2
S_aDReG4Dik,1,1,1,12.48022523,3,74,59,4,0,11,242,53,,819,348,106,0,47,27,24,0,366.0449794,3
CYCeEKNuakM,1,1,1,19.12,2,68,48,2,0,7,77,14,,105,71,21,0,5,6,2,0,45.74534091,10
uua6hmXd-Ao,1,1,1,14.74120779,11,140,96,3,0,8,115,52,,735,339,68,0,37,3,1,0,327.5263256,
m_2dJQspxRA,1,1,1,63.85,1,1,1,1,0,0,263,49,,1011,347,187,0,64,68,53,0,454.3484995,1
UN-FVXP4yaY,1,1,1,48.23178947,1,95,72,5,0,12,184,35,,679,259,104,0,44,42,12,0,301.7453731,
AvwtWY1DAJ4,1,1,1,24.07698071,8,337,181,6,0,51,344,,,,,,,,20,3,0,,52
-5yWbp6B-eA,1,1,1,15.98283688,3,94,62,3,0,8,193,33,,524,233,92,0,21,45,27,0,233.1510897,3
9j5khsROhQA,1,1,1,4.7904,2,25,16,0,0,1,282,28,,554,254,73,1,36,9,21,0,251.5906574,4
QBKpgpJjczA,1,1,0,12.00648649,6,111,80,4,0,15,151,16,,188,111,33,0,10,1,1,0,79.72252941,
iaONTBFUcAg,1,1,1,19.3455303,12,396,198,9,0,38,360,38,,553,201,116,0,26,30,15,0,246.0321844,4
7hnppDymQjk,1,0,0,0,0,0,0,0,0,0,124,32,,531,216,90,0,31,21,12,0,235.0658228,4
LIfF5f4XQqc,1,1,1,23.09076923,1,26,22,0,0,2,159,33,,488,254,75,0,19,17,7,0,211.443014,7
SaPPHtZq_BU,1,1,1,11.15615385,2,26,24,0,0,2,215,5,,79,58,10,0,3,32,73,0,35.58753425,6
yupRx6nO26w,1,1,1,39.03535714,1,56,33,2,0,1,106,16,,125,78,25,0,5,78,141,0,49.36934579,5
0v7xhxMr6_k,1,1,0,25.21529412,1,34,30,0,0,1,132,12,,252,128,34,0,19,11,4,0,115.1131304,1
G12NGW8rgTU,1,1,1,14.29555556,3,27,24,0,0,1,196,27,,502,204,76,0,22,58,34,0,225.0091353,52
6X-t_aSTp0Q,1,1,1,18.95429204,4,113,81,2,0,14,233,41,,723,288,112,0,46,28,65,0,318.2416094,3
DcDFhQYRvqU,1,1,1,25.441,1,30,25,1,0,1,61,27,,399,170,62,0,44,19,4,0,177.4567769,6
3lMFxZxe73w,1,0,0,0,0,0,0,0,0,0,153,56,,1076,335,181,1,81,35,27,0,485.1467077,5
NhcGw5Vwfrw,1,1,0,8.129142857,7,5,5,0,0,0,241,18,,264,138,43,0,24,9,10,0,119.2551464,2
4eOdK9bz72o,1,1,0,47.4215625,1,96,81,8,0,11,62,40,,473,225,80,0,20,54,36,0,208.247685,
3GTY9y9fAX0,1,1,1,0,0,0,0,0,0,0,256,46,,694,294,112,0,28,21,69,1,305.2665517,
Bl-zY3dkyg0,1,1,1,13.58019231,2,52,42,2,0,2,112,52,0.954467972,886,254,153,0,57,22,10,1,393.6605422,7
8xxz_PgVuWs,1,1,1,18.9429304,3,91,67,3,0,6,199,36,,544,245,80,0,39,7,2,0,243.6918182,4
7qd0gLQ6W98,1,1,1,8.98358209,8,134,103,4,0,16,169,39,,436,199,60,0,15,44,49,0,188.4839791,12
6E55JuMp2OY,1,1,1,10.19242424,27,495,283,7,0,52,111,25,,456,229,59,1,30,25,59,0,206.7927384,10
BlAFhg3tlYE,1,1,1,6.480160714,7,80,70,3,0,10,250,7,,58,43,12,0,2,64,55,0,21.23714286,17
Gf4YVmAjQvM,1,1,0,9.17625,2,40,38,3,0,4,232,,,,,,,,24,6,0,,7
gTq4X9rfgFU,1,1,1,21.8575,1,12,10,0,0,1,260,19,,336,175,45,0,20,26,1,0,149.824214,13
J5aDq3wukAc,1,0,0,0,0,0,0,0,0,0,180,13,,236,128,33,0,10,6,6,0,105.9205189,10
pmmsM9LKNE8,1,1,1,13.05363636,1,33,30,2,0,3,100,33,,609,218,105,0,50,21,6,0,272.1931148,1
KZCQOrdFc8w,1,1,0,9.615271318,3,43,36,2,0,5,168,26,,491,246,54,2,42,6,10,0,226.1654933,2
4yj-1Uo3Tj8,1,0,0,0,0,0,0,0,0,0,121,15,,126,84,15,0,1,6,1,0,46.9309375,4
evCbZ9R5utU,1,1,1,8.500434783,1,23,19,0,0,6,270,44,,677,253,130,0,49,40,99,0,301.169852,30
DG6lOGsBX5o,1,1,1,0,0,0,0,0,0,0,264,26,,448,193,58,0,34,2,3,0,203.880439,4
ibZyxXG97YU,1,1,0,19.11615385,2,39,32,2,0,3,198,34,,361,164,72,1,17,32,24,0,158.8442006,11
PyXkEfQYcto,1,1,0,50.85414634,2,41,39,2,0,1,143,48,,819,313,98,0,52,17,1,0,372.6333829,7
mXPLkewCvWU,1,1,0,23.99853659,1,41,28,2,0,0,139,14,,176,95,26,0,8,20,1,0,79.36867925,8
4OcnvlqhNcI,1,1,1,22.93774194,1,31,24,1,0,2,140,14,,267,143,36,0,15,53,19,0,120.608875,0
MmPi_HnTzMU,1,0,0,0,0,0,0,0,0,0,166,11,,84,59,14,0,2,,,0,30.66057143,55
QJX8K4oVHLQ,1,1,0,43.53538462,1,78,68,3,0,8,169,32,,629,233,102,0,40,53,60,0,276.4334296,40
ain-R1NZMqw,1,1,1,25.67571429,1,35,32,1,0,3,323,37,,595,215,89,0,34,10,9,0,266.1380447,19
CPjAZ03kWG4,1,1,0,26.9565,1,20,20,2,0,0,267,18,,298,148,59,0,15,12,9,0,132.1832836,39
OEnfC5iZeNI,1,1,0,18.70833333,1,18,18,0,0,2,283,52,,852,306,134,0,50,8,17,0,386.3321161,1
22fF_SvJGeY,1,0,0,0,0,0,0,0,0,0,183,27,,502,218,72,0,33,6,3,0,229.9533839,3
6rPOpdwDdf8,1,1,1,12.18433333,6,90,62,2,0,6,157,37,,574,254,69,0,36,34,27,0,253.8870254,38
1O0HO_E8Hhk,1,1,1,24.69054545,2,55,41,1,0,0,144,,,,,,,,26,8,0,,
BuQCdrBEkvY,1,1,1,7.234285714,2,7,7,1,0,0,77,,,,,,,,23,2,0,,
Z12Wm_NGggI,1,1,1,23.69147059,1,34,25,1,0,0,78,19,,262,129,35,0,12,37,3,0,118.9385532,4
okMAWbhRznk,1,1,1,24.42852941,4,102,59,2,0,6,184,,,,,,,,30,18,0,,21
OB0tDXhOdwg,1,1,1,36.36697987,2,149,100,2,0,9,192,28,,454,212,65,0,25,38,9,0,202.1030941,4
zEIqDwiDcBU,1,1,1,23.69147059,1,34,25,1,0,0,84,,,,,,,,20,19,0,,41
xEdhIXGZsNY,1,1,1,72.57853061,2,245,96,1,0,3,74,22,,326,153,41,0,17,2,4,0,148.6069463,
sWZcPSaLpfQ,1,1,1,25.30625,1,24,23,2,0,1,225,37,,532,211,64,0,22,1,3,0,240.2362112,1
sMQKLB_6G2k,1,1,1,16.04127273,2,55,38,2,0,4,148,,,,,,,,36,8,0,,1
kiNW7tmSQ_4,1,1,1,16.04127273,2,55,38,2,0,4,98,46,,695,251,130,0,43,19,41,0,303.6487602,21
RsaptxYQINU,1,1,0,22.98428571,1,35,21,0,0,0,96,24,,367,158,64,0,16,22,19,0,166.4829641,24
woQ1lI3vkHA,1,1,1,72.25123457,2,243,93,1,0,2,130,61,,890,343,147,0,51,39,16,0,401.5599627,17
fsx3FbD1qNU,1,1,1,16.04127273,2,55,38,2,0,4,117,23,,249,150,32,0,11,7,22,0,108.6735616,11
f1_FGi3pFk0,1,1,0,22.05666667,2,63,57,2,0,4,175,27,,363,181,54,1,21,56,21,0,158.599306,12
E3QW_y_tms0,1,0,0,0,0,0,0,0,0,0,243,,,,,,,,15,4,0,,24
r40-h_srIdA,1,1,1,8.35375,1,16,15,0,0,2,147,24,,322,187,54,0,24,48,23,0,144.4961856,2
l_fc0RwSeCo,1,1,1,31.2648,1,50,41,2,0,2,230,17,,115,73,17,0,6,26,1,0,44.71168421,1
NzVMK2_FFI0,1,1,1,14.922,1,30,30,1,0,2,77,27,,454,218,72,0,28,15,9,0,203.0277641,20
GVbXBSXKrDU,1,1,1,23.69147059,1,34,25,1,0,0,149,30,,553,260,80,0,39,16,9,0,249.5151303,13
LKzzIZHUUNQ,1,1,0,20.62421053,1,38,37,3,0,5,153,,,,,,,,5,10,0,,
tBu0Mt1J-XQ,1,1,0,20.62421053,1,38,37,3,0,5,196,64,,581,196,99,0,20,51,7,0,241.3526531,
g6J97GkYkAA,1,1,0,12.75818182,1,11,11,0,0,0,192,17,,337,173,65,0,24,25,12,0,152.2357792,
NLaqgRyR_oI,1,1,0,28.5616,1,25,24,0,0,2,195,16,,170,83,36,0,10,13,1,0,69.2386,
8S8d7YPvucY,1,1,1,12.045,1,12,12,0,0,2,229,57,,1047,304,198,0,80,19,3,0,471.325538,
DTrhneXnshk,1,1,1,16.02576923,1,26,25,1,0,3,176,,,,,,,,2,3,0,,
P80OJ3M_GcU,1,1,1,13.40675676,2,37,37,1,0,3,196,20,,310,134,40,0,15,32,6,0,138.5616906,13
RwEoKMdXpCc,1,1,1,19.78255319,6,141,105,7,0,17,100,9,,186,94,32,0,10,15,7,0,80.91,8
NnU_OIqXEVI,1,1,1,18.22645161,2,31,28,4,0,3,185,9,,121,65,15,0,6,,,0,49.8592,2
58_GuTFrDn0,1,1,1,11.01015969,33,556,310,9,0,75,216,26,,260,158,33,0,5,2,1,0,106.9315068,2
nFN_esLQ2tE,1,1,1,21.79095455,8,275,185,4,0,26,346,41,,473,228,84,0,30,88,62,0,207.9211876,2
5wS3qtQyue4,1,1,1,10.58666667,10,117,63,3,0,8,291,20,,318,138,50,0,17,8,26,0,140.3201075,32
eBx40CIuGpQ,1,1,1,61.15112403,3,344,249,4,0,24,95,22,,315,152,51,0,22,20,5,0,138.6977936,5
T-8O1KcRx_k,1,1,1,13.071,4,65,55,2,0,8,162,44,,800,299,138,0,58,36,3,0,354.8642194,19
ug90krgdhGo,1,1,1,27.55406056,9,466,297,6,0,57,335,36,,628,234,99,0,34,34,31,0,284.7977487,1
NCbJxrYqxao,1,1,1,10.17047962,33,568,286,7,0,74,135,3,,2,2,0,0,0,17,3,0,3.12,3
nSuBzZR6llY,1,1,1,19.84782609,20,690,342,15,0,91,204,13,,86,62,14,0,2,1,1,0,31.68705882,4
NQS8jdU1pbk,1,1,0,13.25630303,3,55,44,3,0,5,312,35,,410,188,52,0,16,19,6,0,178.5478814,1
_77dEEq-IGg,1,1,1,39.73,1,3,3,0,0,0,278,40,,795,247,145,0,55,47,17,0,363.1903274,2
3X-yMBviWAk,1,1,1,15.40363636,6,132,82,5,0,21,71,24,,437,194,74,0,21,21,5,0,200.8287407,5
E2SkzWC4siU,1,1,1,0,0,0,0,0,0,0,142,6,,92,65,18,0,7,23,15,0,40.68383721,1
qO30vMDLTL4,1,1,1,10.66669127,15,271,150,8,0,40,177,22,,370,190,60,0,17,43,14,0,167.4379646,8
x2wXOLHojrU,1,1,1,19.05073529,2,68,57,2,0,3,204,22,,473,187,81,0,36,22,7,0,218.3039729,5
kzimFznM_XU,1,1,1,98.17189944,1,179,111,3,0,28,261,42,,660,254,77,0,41,87,70,0,292.0876027,27
43H1XRARc-s,1,1,1,49.47126316,1,95,45,2,0,9,285,45,,568,240,75,0,28,4,1,0,256.4033268,6
_zwShbjPe58,1,1,1,16.04651163,2,43,36,2,0,2,135,32,,403,214,51,0,16,6,13,0,181.7013333,8
X1MMArXf7Wc,1,1,0,33.5575,1,4,4,1,0,0,307,,,,,,,,32,54,0,,1
Te-7MHcUg8M,1,1,0,5.62,1,7,7,0,0,1,203,15,,226,116,37,0,18,7,1,0,98.53146341,7
5KW4oBS-270,1,1,1,14.75672727,2,55,48,2,0,7,180,22,,238,131,37,0,17,22,9,0,105.8698624,0
SRZlYdQWO3g,1,1,1,96.67674157,1,178,101,3,0,16,343,30,,489,203,70,0,28,2,3,0,217.5590389,
0TYlwWp1f3M,1,1,1,26.23304348,5,207,126,9,0,22,355,24,,345,184,51,0,14,50,8,0,152.5187255,1
lnCpoErQeWU,1,0,0,0,0,0,0,0,0,0,64,,,,,,,,25,16,0,,
dJv7fFtPKwg,1,1,1,10.765,1,22,22,2,0,2,317,,,,,,,,67,13,0,,10
hbeWOIkbHJI,1,1,1,9.806054422,3,49,40,5,0,5,106,31,,408,179,47,0,17,12,6,0,185.2925203,9
RjWXPfGsgfg,1,1,1,27.751,8,390,226,12,0,54,301,47,,470,171,63,0,35,57,20,0,202.4178713,4
oh4VXBNJpdA,1,1,1,12.99015625,4,64,57,2,0,7,218,23,,377,218,46,0,23,42,4,0,166.5266667,6
oRmnsUR3jMc,1,1,1,9.479428571,6,105,82,4,0,19,219,29,,340,156,50,0,19,15,1,0,151.4566667,2
HRLsi9ufXks,1,1,1,16.20692308,10,260,171,7,0,26,140,44,,427,201,55,0,27,45,14,0,182.5154945,2
TSf3bS6ry-8,1,1,1,26.8040625,1,32,24,0,0,1,347,25,,567,221,73,0,39,15,43,0,255.707,16
OHW3RWgbSM0,1,0,0,0,0,0,0,0,0,0,298,46,,428,139,83,0,22,32,2,0,180.9399187,32
3NN1gAa8Mrg,1,1,0,8.678,1,15,13,0,0,1,227,23,,247,118,30,0,20,24,8,0,104.8976147,50
7nlW3bUjpxk,1,1,0,10.78686747,10,249,147,7,0,51,73,19,,376,181,50,0,19,11,9,0,177.6313714,28
kgODF9YrvLI,1,1,1,40.42333333,1,63,50,3,0,5,138,19,0.92298162,403,187,52,0,12,20,32,0,177.7109167,1
f0njRDGKaTM,1,1,1,8.042857143,4,42,37,2,0,5,141,,,,,,,,11,1,0,,29
kGPUkvkNebk,1,1,1,11.40828571,2,35,33,3,0,4,83,40,0.957691573,725,291,118,0,55,27,4,1,332.8993694,3
UV51fxVMyx4,1,1,1,9.900759494,5,79,62,3,0,15,272,35,,519,181,77,0,12,43,19,0,230.8446137,6
Oc-PEMk2oGE,1,1,1,20.50026316,1,38,33,3,0,2,68,45,,740,252,145,0,43,14,4,0,320.8008037,4
_yt-jfmYb-8,1,0,0,0,0,0,0,0,0,0,173,2,,9,8,3,0,0,12,106,0,-1.108571429,16
jX-bNCbzdUc,1,1,0,9.834341085,3,43,36,2,0,5,152,43,,805,302,139,0,41,6,4,0,363.6375241,12
EjbnE4mtUp4,1,1,1,16.37351852,8,162,109,4,0,22,169,44,,788,298,122,0,34,66,29,0,352.6008051,28
0mMYDFYKRA8,1,1,1,24.499,1,30,27,1,0,2,160,10,,166,96,22,0,7,34,5,0,73.765,0
uVaP-2n6yFs,1,1,0,12.72615385,3,39,36,2,0,3,244,43,,594,263,90,0,30,16,11,0,262.9834725,
tjAMHnGdsCA,1,1,1,26.504,1,45,32,1,0,2,142,9,,105,71,11,0,3,42,8,0,42.26636364,
fcVtjdrofjY,1,1,1,16.3156,1,25,23,2,0,1,232,23,,436,208,65,0,20,12,27,1,198.7759848,21
ExdNvNYoSDw,1,1,1,14.6738764,4,89,62,2,0,15,303,32,,541,214,87,0,32,17,3,0,238.5761203,20
_I-6ZC9d_7Q,1,1,1,13.1405,3,60,50,2,0,9,90,42,,715,309,129,0,45,55,14,0,312.49407,3
mnlMEHA_Xro,1,1,1,15.075671,3,77,61,2,0,10,199,42,,450,218,54,0,22,2,6,1,201.472375,3
7Fq7spdkV8M,1,1,1,8.280671775,27,580,239,14,0,130,185,19,,265,129,26,0,16,24,22,0,118.3544304,
bdCm__RfQVU,1,1,1,14.86957983,25,714,359,8,0,145,123,26,,474,195,54,0,28,10,3,0,218.9355069,6
NU10o2EwLlU,1,1,1,11.41875,2,16,16,1,0,1,133,19,,248,149,37,0,15,16,6,0,117.9391304,7
I4MD0HH4YWY,1,1,1,7.372727273,2,33,28,4,0,6,290,16,,172,109,28,0,7,49,11,1,71.9704,
XabAWjsAzqk,1,1,1,20.895,1,14,14,2,0,2,131,,,,,,,,62,31,1,,3
3dWiRdq1Zrs,1,1,1,12.48458333,3,72,58,2,0,5,195,19,,158,102,21,0,4,12,2,0,63.16167939,
5-qqW_5ee7w,1,1,0,14.31454301,6,124,97,3,0,22,71,34,,477,226,84,0,15,48,33,1,209.3301168,1
EvmhmTwuwgo,1,1,1,20.4259375,3,96,65,2,0,7,142,54,,665,255,109,0,55,1,3,0,299.3474129,1
5zvUlU_9PJE,1,1,1,14.17891892,10,259,111,4,0,19,130,19,,400,177,54,0,23,29,2,0,182.8036066,
HwrD8N5xgO4,1,1,1,3.337421384,6,53,45,2,0,10,228,32,,559,262,84,0,33,34,7,0,249.3263527,3
sWs6feh9Law,1,1,1,9.503430657,25,411,225,7,0,46,279,45,,943,317,154,0,54,4,3,0,430.6056228,2
2gLqVr8VVKU,1,1,1,14.91334066,7,195,124,5,0,23,332,,,,,,,,24,5,0,,0
om9v69-AWg4,1,1,1,44.83263158,1,57,39,3,0,2,137,32,,567,251,54,0,34,12,2,0,256.3111546,0
LULcx2jccXU,1,1,1,15.38351598,3,73,53,2,0,6,203,43,,844,285,103,0,49,66,42,0,379.0710199,1
pclZlnKxVOM,1,1,1,9.191619718,25,426,253,9,0,72,117,29,,381,179,50,0,17,24,7,1,169.7608504,2
imF8uaUD9ww,1,1,0,11.1626087,3,69,47,4,0,12,177,7,0.960301042,71,47,9,0,6,24,9,1,31.77065574,2
40mR5zjxm50,1,1,1,23.79432005,14,624,256,11,0,93,244,14,,224,119,45,0,10,58,47,0,98.39831731,1
C6h2NR7QQro,1,1,1,11.51128205,3,52,42,1,0,2,231,46,,715,234,134,0,61,46,15,0,317.8112442,3
AuAtzhzmVik,1,1,1,20.77933333,3,95,71,3,0,14,88,,,,,,,,27,6,0,,1
WZBGlX_f90k,1,1,1,19.14780488,2,41,37,2,0,2,232,,,,,,,,13,11,1,,56
cV51engpO0I,1,1,1,16.66205811,14,472,227,5,0,54,224,2,,8,7,1,0,0,1,1,0,-0.945,
tTM1oaEWoEc,1,1,1,9.602784891,11,142,100,2,0,17,209,,,,,,,,12,8,0,,31
yXj1IzDk2b8,1,1,0,11.2975,1,16,16,1,0,3,205,36,,400,177,71,1,18,38,24,0,169.8376945,1
0siAYIk8muc,1,1,1,12.21828571,7,115,86,5,0,19,332,6,,65,50,10,0,1,66,36,0,27.765,40
vhndIdNZZJg,1,1,1,66.673,1,120,95,2,0,7,244,52,,715,342,76,1,41,8,1,0,314.1879327,0
cmUXo4Crrm0,1,1,0,9.884736842,1,19,19,2,0,4,192,,,,,,,,8,1,1,,2
WIYcAy6P-hE,1,1,1,5.562,1,5,5,1,0,1,183,35,,508,190,81,0,34,20,7,0,227.0331373,
EW55TFDFrZ0,1,1,1,16.17682796,12,403,138,8,0,41,205,,,,,,,,19,7,0,,58
NWJAoc03TuE,1,1,1,8.823,2,40,31,1,0,3,168,16,,279,129,42,0,17,6,8,0,123.1572581,11
FvPZ2k7RS-I,1,1,1,11.61071429,2,42,36,2,0,4,136,43,,797,326,92,0,47,10,7,1,357.7294076,2
prFYht1NwmU,1,1,1,11.8062069,2,29,25,1,0,2,348,25,,373,193,53,0,22,64,27,0,163.6788415,9
22SuveqQdIc,1,1,1,8.110714286,1,14,14,0,0,1,263,54,,744,293,120,0,39,57,45,0,332.754843,5
rRdi5fesyvw,1,1,1,14.33907692,8,130,79,2,0,11,234,14,,186,104,20,0,5,3,3,0,82.39345455,1
0OpaFDuhW1I,1,0,1,0,0,0,0,0,0,0,222,50,,671,230,108,0,31,4,7,0,284.902474,50
TyHc434jxrc,1,1,1,6.681265823,5,79,59,7,1,18,160,,,,,,,,17,24,0,,
ir3snqj3X7I,1,1,0,13.074,1,15,15,1,0,3,229,89,,1258,357,229,0,64,49,34,0,549.2734783,1
dhGvYjHzcIU,1,1,1,67.12159664,1,119,94,2,0,7,294,12,,135,80,17,0,7,14,2,0,59.36394958,0
xaaVrAYDSWc,1,1,1,14.76971014,9,138,84,2,0,11,69,42,,837,317,85,0,50,4,6,0,380.1689801,0
4yjxdO6ObKM,1,1,1,20.605,1,4,4,0,0,0,255,26,,429,187,48,0,26,22,5,0,193.7552742,3
kR_Nz4IMk3w,1,1,1,13.69230769,3,39,29,1,0,3,140,9,,66,45,13,0,3,39,71,0,24.48181818,2
RBMuLvBKF3E,1,1,1,16.67820513,5,117,80,2,0,13,166,37,,614,227,95,0,33,44,21,0,279.478881,10
KbHbQ26TBAc,1,1,1,13.21333333,3,54,46,2,0,8,135,68,0.927469681,697,255,131,0,22,48,121,0,294.0033221,5
pWU_TsgvUqE,1,1,0,26.3427907,2,43,30,2,0,3,189,,,,,,,,25,38,0,,3
ZG5BfVVZr3g,1,1,1,28.12642267,7,363,181,13,0,24,339,19,,321,148,47,0,13,4,12,0,145.6258478,3
wwA84LxULBA,1,1,1,68.14743802,1,121,97,2,0,7,234,43,,849,320,120,0,50,8,25,0,383.1084094,
oL-BIcUhxbM,1,1,1,13.39585474,16,253,171,5,0,24,351,14,,384,181,49,0,22,7,3,0,181.8839503,1
PqgKFsK7f-Q,1,1,1,7.526927083,6,64,48,2,0,9,92,26,,320,169,40,0,20,16,11,0,146.3266436,1
vxjOVTKdZ9g,1,1,1,17.98583916,4,143,101,3,0,24,221,23,,333,154,61,0,19,32,20,0,149.0297705,2
bBZXkNbpOGQ,1,1,1,16.70142857,6,105,83,2,0,14,350,51,,691,197,108,0,27,39,23,0,305.5069544,72
N1XkzJ_Mu1s,1,1,1,9.1236,6,75,67,3,0,15,176,35,,605,269,92,0,35,65,51,0,272.9979121,9
ihqXUL5z5co,1,1,0,17.2975,1,28,23,2,0,6,106,,,,,,,,1,1,1,,7
C0coWZbO-_E,1,1,1,6.166,1,15,15,1,0,3,176,32,,719,291,95,0,45,15,30,0,329.7884018,5
ZofLlDgUSgw,1,1,0,13.42857143,1,28,25,2,0,3,215,29,,858,327,135,0,53,14,19,0,386.272093,1
nRqbLCmWy4A,1,1,1,17.87985915,4,142,100,3,0,24,223,,,,,,,,47,5,0,,1
4q1n7DOdMdw,1,1,1,12.00648649,2,37,32,2,0,8,328,10,,60,45,10,0,1,59,49,0,21.8448,1
fJPzkzyuMZ8,1,1,1,10.765,1,22,20,2,0,4,193,43,,832,291,108,0,41,16,3,0,373.3997861,1
mbD2oAjPU0c,1,1,1,14.48170543,3,86,58,2,0,15,154,18,,234,142,33,0,8,35,43,0,97.06515625,10
rM5G3R_GaNE,1,1,0,16.62,1,29,27,2,0,5,253,67,,626,232,103,0,30,59,2,0,257.615977,9
ei9zspwn3Mk,1,1,0,12.3785119,3,56,46,3,0,6,128,,,,,,,,39,47,0,,22
KP6Zm9vl3FM,1,1,1,8.80584507,4,71,54,3,0,9,358,36,,482,217,85,0,22,20,10,1,212.7635748,
YiQfe-oz2C4,1,1,1,0,0,0,0,0,0,0,131,,,,,,,,34,19,1,,
8MPdw-0HbTg,1,1,1,59.47554726,3,268,132,4,0,15,172,15,,231,122,41,0,10,2,3,0,102.3157692,52
LQwxNS7ny0E,1,1,1,5.050909091,1,11,10,0,0,2,208,12,,108,70,17,0,4,16,2,0,44.79228261,10
Z0qhswMQOeU,1,1,0,9.149,4,60,48,3,0,7,85,14,,168,91,27,0,9,4,1,0,69.16289655,
tG31xcNk4mU,1,1,1,2.655789474,2,19,19,1,0,1,238,,,,,,,,33,4,0,,3
GHhMSW1ffd8,1,1,0,8.5125,1,12,12,1,0,2,134,28,,529,204,88,0,26,5,1,1,237.7353151,3
cNWVU5RkGcQ,1,1,1,-0.59,1,4,4,0,0,1,297,29,,516,207,79,0,42,60,33,0,230.2645161,7
wXjQHAxopzk,1,1,1,12.754,2,35,33,1,0,5,349,8,,20,12,1,0,0,30,5,1,8.62,18
nWgf-odA50Q,1,1,1,18.15935897,9,234,140,5,0,19,78,2,,15,14,2,0,0,40,91,1,5.359230769,2
KEUJuirSrJg,1,1,1,10.72174667,36,750,346,13,0,111,276,49,0.921749168,714,226,140,0,62,46,15,0,318.166677,2
dafRjRtvfck,1,1,1,7.747020979,11,195,107,9,0,27,139,15,,238,150,32,0,12,30,1,0,112.9641475,2
s38e-sGGAE0,1,1,1,17.86771429,2,35,24,1,0,2,129,21,,409,173,65,0,30,3,3,0,185.0396791,
I-QDeRnCjp4,1,1,1,21.63833333,2,54,37,3,0,4,89,29,,377,138,67,0,19,10,5,0,162.3003049,9
Sj--KXvi80o,1,1,1,14.04754545,4,55,55,2,0,6,78,33,0.968010083,609,241,106,0,52,6,10,0,276.9602338,16
HSoJkzyUaRQ,1,1,1,17.67793857,11,370,194,10,1,42,166,7,,56,34,8,0,1,1,1,0,16.00717391,
sZp9Te-CuqM,1,1,1,18.13729167,3,112,83,3,0,23,254,54,,971,341,171,0,53,44,6,0,437.9077614,
5OmKjrKmZSU,1,1,1,29.42043478,1,46,38,2,0,6,187,39,,791,263,131,0,68,17,2,0,353.7437395,5
2EGSqWWa-gY,1,1,1,82.69,1,1,1,0,0,0,69,,,,,,,,51,52,0,,3
OMTbHmLqm8M,1,1,1,17.98342234,21,535,309,14,0,54,231,39,,717,262,132,0,49,57,51,0,322.4347699,
kwlK1uuJkZQ,1,1,1,33.99757282,2,103,76,2,0,6,242,,,,,,,,6,9,1,,1
eqmi2ns7CKo,1,1,1,14.33,1,15,14,1,0,1,201,29,,415,206,69,0,20,36,13,0,186.5596552,
fsAJwOAsgac,1,1,1,11.50452163,7,109,86,3,0,15,179,,,,,,,,28,9,0,,1
oWGuplQfN80,1,1,0,16.52142857,1,14,13,1,0,1,110,32,,589,259,89,0,29,33,15,1,267.2501124,1
3mLhSyQoyAw,1,1,1,14.25415663,4,83,67,2,0,9,314,16,,329,150,46,0,15,35,7,0,147.2410508,3
BgNpATWfR5Y,1,1,1,27.97363636,1,44,37,1,0,4,137,36,,603,244,76,0,46,22,12,0,265.3046241,
Xo0UNaNbAUw,1,1,1,23.65075,2,80,56,1,0,8,143,,,,,,,,11,4,0,,3
qvGbNS09cSE,1,1,1,9.365878713,16,303,156,9,0,41,162,37,,647,241,78,0,42,44,13,0,293.6442367,1
uZx86qNu-Xg,1,1,1,14.88068182,5,88,75,3,0,13,308,32,,544,233,59,0,26,55,7,0,244.1573597,2
Cw0PEknFnsM,1,1,1,11.16302889,23,447,228,8,0,66,241,31,,318,174,39,0,22,15,26,0,139.7815468,3
rUSHbKRvGlE,1,1,1,8.136239892,7,106,86,3,0,15,229,,,,,,,,12,10,0,,2
yTccczphbnU,1,1,1,8.904488449,6,101,82,3,0,14,253,6,,99,66,18,0,3,21,28,0,40.42133333,6
3lGIXAgY7b0,1,1,1,22.47363636,1,33,29,1,0,3,251,50,,548,256,84,0,36,54,21,1,243.3017213,1
Ce25s6m3RDw,1,1,0,26.26350649,2,77,62,1,0,4,144,,,,,,,,24,1,0,,
r825TKvtk1Y,1,1,1,35.8477551,1,49,43,1,0,2,235,28,,454,183,56,1,28,33,25,0,199.3590299,2
L6pJrxmDYEI,1,1,1,56.37225537,4,419,192,4,0,16,326,39,,600,215,106,0,21,34,4,0,258.8682885,
xblFEe9uOqQ,1,1,1,30.34962162,8,370,237,4,0,48,230,43,,726,290,116,0,53,27,4,0,331.8288404,1
pgUA4ScsRWQ,1,1,1,17.62729508,15,366,244,4,0,33,314,2,,5,5,0,0,0,29,100,0,-1.09,1
t32eoUB42rw,1,1,1,18.13673067,18,434,284,8,0,42,211,,,,,,,,30,18,0,,1
IO6XF9RPjC4,1,1,1,6.052187858,9,97,83,2,0,10,97,12,,141,68,38,0,5,3,1,0,55.57853659,0
CnsxqAVw97Y,1,1,1,48.43255618,4,356,261,4,0,29,276,,,,,,,,21,22,0,,1
bWlf8ap1GwM,1,1,1,17.48684211,3,57,45,3,0,3,120,39,,562,266,51,1,43,19,30,0,250.9029352,0
nMER_XZYvL4,1,1,1,47.60525568,4,352,255,4,0,27,126,61,,839,292,158,0,41,60,37,0,378.1324901,3
vaQovAK7Y_s,1,1,1,12.533,10,180,127,4,0,19,94,,,,,,,,23,21,0,,3
kAuqepcXRbM,1,1,1,10.62842105,1,19,18,0,0,5,200,10,,70,46,14,0,0,39,9,0,23.43105263,3
F7x_2f7uQyc,1,1,0,3.626458333,3,32,30,2,0,7,346,15,,277,125,41,0,19,11,10,0,123.76648,3
Pz_f5mEid3A,1,1,1,22.11071429,2,84,66,4,0,16,155,10,,135,91,20,0,11,31,5,0,64.23268293,1
JAso88uF334,1,1,1,22.28211712,3,74,52,2,0,4,282,22,,301,165,42,0,19,38,3,0,140.0588809,1
I3NIfILcdYY,1,1,1,0,0,0,0,0,0,0,162,,,,,,,,45,23,0,,2
7MEdFIXTHP4,1,1,1,25.92935632,3,145,99,4,0,19,203,39,,751,266,121,1,39,39,22,0,330.3746988,0
G6UPq5j2g9A,1,1,1,12.60136364,4,77,66,4,0,8,128,55,,709,267,123,0,33,2,3,0,308.6912077,0
LZexnAq4hd4,1,1,1,7.76675,10,120,74,4,0,22,194,,,,,,,,30,5,0,,
SenZ6Hs4uWo,1,1,0,22.27486486,1,37,36,2,0,3,310,57,,876,271,109,0,30,4,15,0,387.1223552,4
oggVXOor1x8,1,1,1,11.5578,4,75,59,2,0,7,233,,,,,,,,9,7,0,,0
Bx5upv_Wzso,1,1,1,9.017105263,2,38,33,3,0,5,299,35,,491,234,74,0,13,47,3,0,215.3615972,1
jROu0Mo3A9M,1,1,1,10.45640276,26,479,263,9,0,47,195,41,,710,310,98,0,37,4,8,0,310.293125,0
bjqdVJysROU,1,1,1,90.73551136,1,176,96,2,0,40,235,22,,486,206,77,0,27,20,6,0,218.6802733,1
UiJz_MDuJvM,1,1,1,18.93444444,1,27,25,3,0,4,256,33,,606,296,96,0,24,46,53,0,272.1828991,5
peMHlUpUsl8,1,1,1,26.14168874,4,151,94,3,0,10,60,,,,,,,,5,2,1,,5
xnumT2J8CVQ,1,1,1,10.96681592,3,67,53,5,0,17,201,21,,255,120,29,0,12,21,16,0,116.7603947,27
88N5kx7WjZY,1,1,1,10.43859091,11,240,130,4,0,34,276,37,,466,215,59,0,19,29,142,0,206.9045455,4
L-kL76crR70,1,1,1,13.74323077,5,130,78,6,0,22,81,39,,633,213,123,0,34,50,4,0,280.2234458,3
G3_iuZTgKoQ,1,1,1,16.60586709,28,603,332,11,0,73,266,23,,346,160,66,0,25,48,35,0,153.9852396,12
5pURzPRdELY,1,1,1,11.003125,1,16,16,1,0,3,145,19,,292,123,43,0,28,9,7,0,124.168937,6
IRif-HhwMT0,1,1,1,17.37434783,3,69,51,3,0,7,122,12,,72,47,9,0,2,15,28,0,27.52393443,19
HdtRu5ZU9Y8,1,1,1,17.87279412,8,255,166,3,0,36,104,,,,,,,,25,14,0,,33
z1AOtMEA-Yg,1,1,1,13.46845,25,600,333,8,0,54,243,,,,,,,,21,14,0,,
adkRbjqiPLI,1,1,1,15.9162069,3,87,63,2,0,16,289,23,,390,205,58,1,25,19,9,0,168.5514627,1
AstsUAR8j5Q,1,1,1,9.693488372,2,43,36,1,0,8,96,28,,519,237,87,0,37,20,29,0,236.5361895,
g4MwvHyiJs0,1,1,1,10.63971429,28,560,304,10,0,71,334,26,0.945182705,523,213,84,0,41,60,33,0,233.7891949,1
85CksrhnPCM,1,1,1,13.11252327,34,853,378,10,0,112,299,1,0.944197999,24,20,3,0,2,40,54,0,11.27428571,2
zVzkZyj8etU,1,1,1,12.92453183,13,313,169,10,0,38,155,8,0.873896301,137,85,15,0,12,12,3,0,64.53883721,3
IgvAo4D-x90,1,1,1,8.23554426,37,654,305,14,0,91,255,5,0.969323206,149,78,26,0,7,48,34,0,61.87425197,18
rOPHv5YKvh4,1,1,1,14.73110777,28,737,344,8,0,77,208,36,0.888718675,530,222,105,0,23,56,41,0,231.4379957,2
ck26dVYJF_0,1,1,1,8.811578947,5,57,48,1,0,8,98,13,0.93763622,162,85,30,0,7,19,1,0,68.18538462,6
Z-cxMdEvsZM,1,1,1,11.1692823,22,418,237,7,0,40,196,44,0.958686842,778,263,100,0,51,62,109,0,354.9043099,
JbfUuvjcOtQ,1,1,1,8.791011455,35,661,310,12,0,83,168,19,0.880065534,216,102,21,0,16,24,14,0,86.97440678,11
Ea5vcpjOzxw,1,1,1,4.746428571,1,14,14,0,0,2,198,6,0.817375561,62,40,10,0,1,3,1,0,26.35118644,1
F1YDR2S7SPU,1,1,1,22.08104247,7,185,138,2,0,19,188,21,0.958035509,424,195,73,0,23,9,4,0,194.3314322,17
W3xE6BRra2g,1,1,1,21.18010096,13,480,249,8,0,52,172,3,0.84774667,14,14,3,0,1,28,20,0,3.91,14
zTlQ8kHUiEw,1,1,1,22.72952381,2,63,49,1,0,6,276,38,,591,273,64,0,33,13,1,0,261.2183041,2
V3D4Uz_rH5U,1,1,1,12.55413961,22,448,266,7,0,41,287,28,0.943556376,486,219,54,0,27,44,14,0,216.0490909,
ikhiHRkPK48,1,1,1,7.796571429,32,420,249,6,0,40,66,,,,,,,,14,8,0,,
hUR5mKngvf0,1,1,1,44.34428571,1,84,59,3,0,15,239,19,0.958670492,355,156,51,0,24,36,10,0,156.6556731,
8mJAWile3gY,1,1,1,17.77763754,3,103,79,3,0,13,195,45,0.963943203,801,282,107,0,42,26,13,0,363.17625,
LDlLfsmk1DE,1,1,1,10.86153333,9,150,97,4,0,21,100,39,0.967942953,749,290,107,0,39,26,46,0,340.6515882,
ft9-Qcyup6g,1,1,1,12.25362185,9,181,128,3,0,17,201,68,,918,333,138,0,69,38,34,0,405.2424723,
r9FkL9UacHQ,1,1,1,17.09190476,9,252,152,4,0,15,225,48,0.924815195,579,210,112,0,31,53,1,0,254.171751,
05ZltS-7Mto,1,1,1,11.73786165,42,740,381,13,0,94,341,6,0.956412951,68,43,9,0,3,9,11,0,30.34271186,
29KdXZH0niA,1,1,1,13.15079096,3,59,45,4,0,5,124,36,0.92222936,699,219,130,0,31,4,1,0,308.9856019,
MPfBGjP-cQs,1,1,1,9.326973684,4,76,59,3,0,8,314,,,,,,,,28,22,0,,
Eu0O4AQkiTk,1,1,1,20.30271186,2,59,41,1,0,2,260,60,0.950845903,944,309,161,0,51,59,8,0,419.8029608,
_QlTCcel4S4,1,1,0,9.218888889,4,54,42,2,0,8,79,7,0.948087722,97,68,12,0,5,9,9,0,44.69965517,
Wa6_y3X0U48,1,1,1,23.02207317,2,82,66,3,0,10,281,25,0.966870338,468,198,68,0,18,39,7,0,215.7840835,6
Kjx8ZeyLBIY,1,1,1,10.44327758,31,486,285,9,0,61,290,29,0.966035008,454,191,79,0,20,52,38,0,203.2112958,
e4ECyfNFwp0,1,1,1,10.82299077,29,508,299,9,0,67,287,44,,733,253,118,0,48,9,4,0,333.9076339,
MgNMqoiJLrw,1,1,1,15.0663388,6,122,101,3,0,9,286,3,0.749195635,8,8,2,0,0,20,11,0,-3.88875,
_y1_QUn0lxE,1,1,1,6.794,1,15,14,1,0,1,110,49,0.950962016,735,272,134,1,54,51,1,0,327.4174507,
JhT78beq9Xg,1,1,1,0,0,0,0,0,0,0,93,6,0.954126298,85,66,12,0,4,6,6,0,40.39538462,27
EzFh51o__oU,1,1,1,16.18,1,3,3,0,0,0,148,,,,,,,,16,1,0,,10
aIajWL5eocw,1,1,1,50.15788732,1,71,50,2,0,3,307,,,,,,,,5,1,0,,7
LqMxWPmxylY,1,1,1,37.75545455,1,55,36,1,0,3,200,30,,394,152,54,0,12,7,2,0,171.8603226,
KFdy6Jk09t8,1,1,1,22.16810127,2,79,50,2,0,2,60,34,0.895110529,499,233,57,0,14,39,14,0,228.0887389,27
jQnYSydwi4M,1,1,0,23.58708333,2,72,66,5,1,8,105,27,,356,168,49,0,14,16,1,0,159.8286687,66
d86DofYpkrY,1,1,1,27.24131004,5,229,159,5,0,19,340,20,0.95115079,391,169,73,0,38,13,6,0,180.4261644,0
hObQ3CEN-mg,1,1,1,10.3725974,7,77,66,4,0,15,208,3,0.953534752,13,12,2,0,0,38,28,0,6.649,
DCwNR3r217I,1,1,1,17.99277778,24,540,350,5,0,34,351,32,0.934581561,520,233,89,0,21,44,27,0,230.5101299,
ypYg1a4uIJs,1,1,1,18.13823204,5,181,109,3,0,32,103,7,0.883190324,52,39,8,0,1,19,1,0,22.15065217,
Nujyif7MkMA,1,1,1,43.81396226,5,318,175,5,0,30,292,67,0.972222555,1017,326,196,0,54,54,47,0,458.2168404,
q74l-ecOi_8,1,1,1,22.53740119,19,755,378,15,0,96,222,27,0.917697807,363,162,68,0,20,32,1,0,153.9194937,12
rJw5PfIqlcQ,1,1,1,12.76,1,15,13,1,0,2,360,22,0.957311273,250,151,35,1,14,55,21,0,111.3125333,4
LqWL4iM6AHs,1,1,1,53.39315217,1,92,59,2,0,4,207,91,0.973559797,1231,396,191,0,93,39,67,0,563.1353887,1
al2u0BSWbu0,1,1,1,12.11578947,2,38,35,1,0,5,104,31,,497,207,101,0,25,38,33,0,216.0612273,
oSXdRrRSmjw,1,1,1,13.62,1,23,22,2,0,2,127,8,0.898037821,110,75,13,0,7,12,8,0,51.33454545,2
CV46E7l4Qww,1,1,0,36.0062,3,150,99,2,0,6,357,15,,86,55,14,0,0,47,58,0,30.72785714,23
7baGUWm7gYw,1,1,1,7.811764706,5,68,59,3,0,8,246,33,,506,188,100,0,35,25,1,0,226.089085,1
fTYFsf1eFIg,1,1,1,42.09914286,1,70,55,2,0,4,190,12,,139,95,12,0,9,7,1,0,66.7515,1
sP3mXrIhIE0,1,1,0,8.783571429,1,14,14,1,0,3,183,16,0.887667707,183,95,38,0,18,18,5,0,76.58575,
3tT7A_5E3HY,1,1,1,-7.05,2,1,1,0,0,0,195,40,,743,317,101,0,42,49,56,0,332.7206677,
ZHi_A6tC40Y,1,1,1,10.95857143,2,21,20,1,0,2,125,9,0.961743683,73,53,10,0,5,24,22,0,31.69454545,2
z_3S2_41_FE,1,1,1,15.42377271,9,263,171,3,0,27,300,47,0.962549218,934,333,147,0,55,47,5,0,416.6755449,7
PpuiO6WJxic,1,1,0,8.476363636,1,11,11,1,0,0,258,21,0.970794042,435,199,61,0,26,4,2,0,197.7598481,14
HE-erLKq1T4,1,1,0,8.977073171,5,41,37,2,0,6,271,6,0.829310542,33,22,5,0,1,19,28,0,8.055,4
t8sIioCX0lk,1,1,1,20.35577731,8,357,164,7,0,44,120,22,0.907561094,351,176,64,0,23,31,7,0,157.1877918,1
UowWA-8TiyI,1,1,1,16.63083333,3,80,57,3,0,6,138,16,0.97606793,324,162,38,0,15,31,31,0,147.3465625,1
sXB1M0jqU2g,1,1,1,8.373,4,45,29,2,0,4,245,,,,,,,,10,2,0,,69
oIdrn7hLbGk,1,1,1,14.625,1,36,24,1,0,8,178,21,0.961582398,314,152,49,0,24,22,9,0,140.9404594,1
LeG45M4XTjA,1,1,1,34.23351916,5,287,175,6,1,27,332,8,0.956474269,74,48,8,0,5,11,7,0,31.55181818,
YsxwEBgdTsM,1,1,1,0,0,0,0,0,0,0,84,34,,517,216,92,0,26,65,44,0,232.87,2
gBNsX6sgALM,1,1,1,23.46083232,9,275,207,5,0,18,282,36,0.964611101,710,245,103,0,34,21,2,0,316.3638328,6
34CZ3w2kQok,1,1,0,12.83,1,12,12,1,0,2,158,25,0.898918731,278,135,38,0,10,30,3,0,124.0620902,25
nTqmWLAksmk,1,1,1,17.83009416,17,581,272,11,0,64,248,33,0.951173574,545,227,66,0,29,22,6,0,248.7255758,
YSX4UvOl_Rs,1,1,1,18.672,2,75,55,3,0,9,70,6,0.929587205,73,52,11,0,1,23,1,0,30.76681818,17
2ehuLjwS-nI,1,1,1,11.64170635,14,324,185,7,0,42,91,,,,,,,,22,3,0,,
3h4FpkGQWkA,1,1,1,9.665961538,8,156,100,3,0,24,136,24,,439,192,74,0,31,11,4,0,191.4715803,
CbRWvj2VYHw,1,1,1,6.757029591,37,527,249,10,0,89,69,,,,,,,,34,55,0,,
ZW8UlgqKgfg,1,1,1,21.7014916,16,714,284,17,0,112,291,25,,380,170,45,0,21,9,5,0,169.0357522,32
KY8BkJCNfkE,1,1,1,9.91539627,33,468,247,8,0,64,218,25,0.967866093,389,193,77,1,23,45,24,0,175.0435897,
ZMzsVSHfSC0,1,0,0,0,0,0,0,0,0,0,280,,,,,,,,12,9,0,,
DKjmNVCZhsA,1,1,1,9.01,2,15,14,1,0,1,179,40,0.959419241,916,269,131,0,65,40,2,0,418.3190703,
X8G1YkurALI,1,1,1,5.146153846,5,52,42,1,0,8,191,30,0.84649561,387,141,66,0,22,31,10,0,169.2046221,24
1LWuG1lOXJs,1,1,1,7.569577922,11,168,112,6,0,23,291,2,0.70251422,7,7,1,0,0,3,1,0,-3.858,
_GmJnEVmXAY,1,1,1,10.9425,1,20,19,2,0,2,97,31,,490,195,84,0,34,27,9,0,215.8195172,
uPAIBhTrJQc,1,1,1,5.3725,1,12,11,1,0,2,264,,,,,,,,52,16,0,,
e-_mR0ep764,1,1,1,18.97964286,1,28,25,1,0,1,60,38,,878,349,84,0,52,9,3,0,400.247775,
ZoH8U5HqyWE,1,1,1,8.057352815,13,179,123,3,0,16,150,47,0.967819134,907,330,113,0,60,30,72,0,409.9752381,4
Xe_LsrAKP6U,1,1,1,12.17043478,2,23,22,2,0,2,134,10,0.961470405,112,70,17,0,2,11,5,1,46.1383871,16
cVMkir5H14E,1,1,1,10.13458425,9,151,99,3,0,25,268,21,0.952389201,456,194,67,0,32,13,3,0,204.1690441,28
O7PKOMcogOU,1,1,1,18.69916667,3,72,52,2,0,7,242,54,0.972833147,1010,392,144,0,50,21,27,0,460.5525821,1
MUWG_OGtg2Q,1,1,1,13.62267442,5,86,67,3,0,8,269,7,0.967121025,110,69,16,0,4,10,15,0,50.15877551,10
HOu693SV4e0,1,1,1,7.596666667,3,36,33,1,0,4,113,25,0.952770546,441,222,40,0,41,9,9,1,195.5869291,5
3BRyGcTlZsU,1,1,1,10.6447619,3,35,32,2,0,3,356,2,0.959518409,28,21,2,0,2,52,49,0,10.5875,2
gkLpD8yqOow,1,1,1,18.56229437,3,77,68,3,0,7,200,31,0.882964211,450,245,61,0,15,1,1,0,196.2663636,1
2fp4JYWPyQM,1,1,1,38.18283489,3,214,127,3,0,17,241,22,,357,163,53,0,26,13,14,1,157.5295268,1
5OxWh7XMi-I,1,1,0,4.37,2,9,9,1,0,0,264,53,0.824815149,318,144,32,0,18,19,28,0,130.3898893,21
S8__zp7PdZM,1,1,1,29.55311321,2,106,80,2,0,6,314,38,0.94976579,602,232,91,1,26,54,21,0,275.2103804,
he1RxQSTV9g,1,1,1,12.25107143,1,28,26,2,0,4,176,,,,,,,,33,4,0,,
tqnjNOqxk4M,1,1,1,12.28666667,3,61,44,2,0,4,115,52,,642,247,108,0,43,31,12,0,280.8129787,
w7-JBjJgKS4,1,1,1,0.41,2,12,12,2,0,2,110,59,,839,288,105,0,40,5,4,0,372.1068548,
IRV2wWm6BQk,1,1,1,9.489466667,3,25,23,2,0,4,229,54,0.935479412,1023,330,161,0,73,57,83,0,458.8970033,
A_9k8dFdPe4,1,1,1,15.37842105,2,57,48,2,0,6,228,17,0.964764237,276,140,54,0,12,38,17,0,126.7583399,
pCYzP-dVNNQ,1,1,1,16.05576857,6,193,119,5,0,38,127,,,,,,,,30,15,0,,
JfWUj-mjfFY,1,1,0,9.792857143,1,14,14,1,0,1,268,26,,293,120,44,0,9,16,1,0,129.9845247,
0nEpnSD_Pt4,1,1,1,4.765454545,3,33,29,2,0,7,182,7,,77,63,11,0,1,8,1,0,33.55720588,
vwIyulPnXcg,1,1,1,31.03473451,5,226,143,4,0,15,332,29,0.957306996,507,206,80,0,28,27,4,0,232.002527,
IQy6E5aVUzo,1,1,1,35.44976744,3,129,95,2,0,15,163,61,0.958317743,850,281,154,0,50,82,121,1,371.4366,6
tRdKOIi6hYU,1,1,1,12.90326087,4,92,70,2,0,12,271,36,,570,221,103,1,53,8,1,0,252.9192172,1
jHZt0naRnbM,1,1,1,15.66265766,3,74,57,2,0,8,218,18,0.979455928,301,153,50,0,23,18,7,1,137.8901455,3
UvWUiiK4ATg,1,1,1,11.19,2,30,26,2,0,2,310,13,0.924234867,182,114,31,0,8,7,4,0,82.95196429,3
gsqA44mM4Kc,1,1,1,6.965714286,1,7,7,0,0,0,249,39,,448,174,80,0,37,55,6,1,192.7636709,1
_6L8liyKl24,1,1,1,23.68071429,1,42,29,1,0,2,330,34,0.6775086,312,177,39,0,7,55,31,0,124.3928235,7
z-Tz9R6ctsc,1,1,1,15.36360947,10,169,117,3,0,17,254,,,,,,,,10,7,0,,3
Qh2H2HRcnqA,1,1,1,16.43285714,1,21,20,2,0,4,64,6,,61,48,13,0,2,3,15,0,24.84611111,1
iAGkZmwB9XM,1,1,1,19.04199596,9,275,177,6,0,22,196,7,0.902183877,105,71,11,0,5,29,9,0,44.12673913,8
oXslctvrMzw,1,1,1,11.8845,2,40,36,1,0,3,134,62,0.942862954,857,260,139,0,62,1,4,1,382.9038911,52
yr8F0QjjXqc,1,1,1,14.54515789,5,95,75,3,0,10,341,14,0.745813161,211,114,29,0,15,30,21,0,91.34693548,32
bj44NIEEES8,1,1,1,20.0832646,3,97,65,2,0,8,102,62,,1190,369,226,0,73,20,38,0,542.4921009,
HFGJ0zeRXt4,1,1,1,13.47466667,2,45,38,4,0,7,237,36,0.905866422,512,277,77,0,20,5,1,0,226.7563697,
Do9GCDryT3k,1,1,1,19.47636364,1,33,30,2,0,5,222,5,0.948370618,91,61,16,0,8,59,26,1,38.46975,
vkw22d8ZAe0,1,1,1,19.94302768,17,578,265,7,0,61,334,27,,336,180,33,0,20,39,33,0,141.4639643,
EwvdgomJH20,1,1,1,23.68071429,1,42,29,1,0,2,344,,,,,,,,48,1,0,,
G5Tp0MjZ5_g,1,1,1,0,0,0,0,0,0,0,240,18,0.909977297,266,144,35,0,23,16,11,0,119.5170168,
9hi8suRBSSE,1,1,1,8.52224359,3,52,44,2,0,5,96,16,0.959014932,412,169,73,0,16,2,2,0,185.3368901,
Qlf3D-sfaBo,1,1,1,10.63083333,3,44,40,2,0,8,137,42,0.961635143,665,231,97,0,50,23,12,0,297.1485906,
_HmRSMINhiM,1,1,1,10.75958496,37,743,356,12,1,115,321,50,,699,272,104,0,35,71,69,0,311.095,
A4mv0pLQwhU,1,1,1,21.80920935,19,669,308,7,0,69,353,4,,86,64,15,0,4,18,1,0,36.52168831,
BoT0Qv0BIZs,1,1,1,19.9782365,14,418,241,10,0,47,170,25,0.918970562,244,125,32,0,17,30,4,0,109.7056944,56
FInJq_xKLH4,1,1,1,3.784912892,7,41,33,1,0,3,84,6,0.964244545,70,49,8,0,4,8,13,0,31.335,63
WjyQTmJBXFg,1,1,1,10.272,1,5,5,0,0,1,155,9,0.962262169,99,62,19,0,2,43,7,0,41.39581395,6
fVMvY_Lsqzw,1,1,1,14.626,2,45,35,2,0,6,289,5,0.9511864,60,39,8,0,1,87,70,0,29.81777778,4
PdH2Gp9OeFk,1,1,1,18.79806647,10,331,205,7,0,41,100,46,0.894039661,590,239,112,0,25,75,63,1,260.4733523,0
cBqeRuCUN0M,1,1,1,10.79384615,1,13,13,1,0,3,158,24,0.931033105,369,150,56,0,31,6,15,1,163.6836937,30
EEd7jqaE2eg,1,1,1,10.21863636,10,132,111,2,0,10,123,,,,,,,,2,1,0,,3
Mlx_eXtHRgQ,1,1,1,14.52166667,1,18,18,1,0,2,145,16,0.948676944,271,125,45,0,19,9,9,1,120.3365574,2
deH1uzXA1ik,1,1,1,17.84875,6,144,97,6,0,11,188,27,0.901140673,516,229,79,0,33,1,3,0,232.3724197,52
P1gB0RTqi-I,1,1,1,10.31746583,37,619,334,8,0,82,327,15,,107,70,17,0,2,43,1,0,42.38162791,4
Wtof98E8cC4,1,1,1,12.54571392,34,688,346,12,1,85,319,10,,208,120,29,0,16,9,3,0,95.34476923,6
xpwzITnRnsY,1,1,1,26.00890244,6,246,151,2,0,17,199,30,,326,179,51,0,13,22,16,0,142.3500346,
qo4C346bBzg,1,1,1,15.73642857,3,42,33,1,0,4,142,42,0.951186196,661,255,77,0,41,87,70,0,291.2101031,
9NkF6BPrxpA,1,1,1,14.656,1,10,10,1,0,2,75,,,,,,,,,,0,,
tMda6xUG7x0,1,1,1,13.42333333,1,9,9,1,0,1,171,8,0.967278103,108,61,17,0,7,20,28,0,48.01765957,9
qk-wXGltml4,1,1,1,14.34388805,23,574,335,8,0,74,274,3,0.946816558,40,32,7,0,2,54,21,0,14.49416667,69
ZgM0t_tymm8,1,1,1,83.75264516,1,155,107,3,0,8,207,34,0.83960253,323,154,41,0,17,6,5,0,148.347451,26
iQlQrrdCb8Q,1,1,1,13.93421053,5,76,67,2,0,8,147,13,,124,78,28,0,5,18,17,0,49.77542857,3
v9zPQhOban0,1,1,1,33.533,1,60,46,2,0,6,104,33,,481,200,82,0,23,40,4,0,212.1569014,10
eaT7dD7yH2U,1,1,1,14.12591837,7,147,105,2,0,12,112,33,0.955978245,574,192,72,0,26,6,14,0,259.2899033,2
AHrwJVzlPXY,1,1,1,13.08181818,2,33,31,2,0,6,154,24,,539,204,58,0,19,11,8,0,240.8672141,11
jvg8EmtWF78,1,1,1,13.81472727,2,55,43,1,0,8,127,19,0.83670032,207,131,23,0,8,26,8,0,86.17575581,2
3de-0kM_Jio,1,1,0,18.71348485,3,88,70,4,0,11,165,43,,854,280,178,0,69,43,7,0,378.5643119,
mfbu8Hjpftc,1,1,1,11.98768393,19,382,233,6,0,63,353,65,0.97449106,1153,364,213,0,72,77,60,0,510.7187415,
yZ4PYgjCwZI,1,1,1,3.979130435,2,23,18,1,0,3,263,14,0.96808973,184,121,31,0,10,18,10,0,83.13563636,
txtSY00UdZ4,1,1,1,4.388695652,2,23,23,2,0,3,155,4,0.893877864,60,47,7,0,3,1,1,0,23.968,1
zntOR3hTmkY,1,0,0,0,0,0,0,0,0,0,112,74,,1156,339,219,0,66,34,5,0,501.6583615,
qfY6X-nA6uE,1,1,1,16.9127722,7,185,123,3,0,21,302,20,0.950552855,485,201,76,0,34,8,13,0,218.8149321,
D7dJt0pVmHM,1,1,0,47.67842697,1,89,61,3,0,7,284,40,,832,267,109,0,44,8,6,0,381.5335256,
jKfKjLNzkko,1,1,1,13.53022152,16,316,199,6,0,29,267,27,0.955713371,380,187,60,0,20,46,22,0,166.9627164,
WFRuW80TRg8,1,1,0,2.62,1,1,1,0,0,0,66,4,0.882791638,64,50,13,0,2,10,7,0,25.84155172,23
ceHKkg5Mm88,1,1,1,16.97363636,1,22,19,1,0,2,257,38,,583,261,78,0,30,7,14,0,259.6816441,12
kJuRgh3yS6E,1,1,1,23.713125,1,32,26,0,0,5,206,14,,313,144,49,0,24,16,12,0,134.8980435,11
O6A6i50C13k,1,1,1,29.77551724,1,29,26,0,0,2,209,19,,429,163,62,0,27,10,2,0,193.7407216,48
EXNLA6j2x0M,1,1,1,0,0,0,0,0,0,0,289,2,0.962186635,25,21,5,0,2,16,3,0,13.97636364,71
XScxvR3XHhc,1,1,0,13.533,1,20,19,1,0,0,355,50,0.951824061,728,272,112,0,47,10,10,0,318.9113125,0
U0S_0nu1TJM,1,1,0,30.88,1,1,1,0,0,0,324,,,,,,,,11,19,0,,
Ftm3uxhdP7w,1,1,0,15.41875,1,16,16,1,0,0,336,,,,,,,,38,23,0,,
JlHXd8BU8Nw,1,1,1,12.115,2,18,16,0,0,1,233,33,,499,229,70,0,21,24,20,0,223.8579326,
tKHXLTJ5ISA,1,1,1,11.55608696,2,23,19,0,0,2,213,33,,612,257,106,0,50,14,1,0,278.665615,
hbLdXC3wHGE,1,1,1,9.738119266,25,436,258,8,0,50,162,12,,178,106,28,0,8,3,1,0,80.5009375,3
VStR7iOeR0E,1,1,1,9.441368683,23,419,257,9,0,71,111,34,0.937572781,574,209,119,0,54,11,6,1,253.6494358,1
x2I9jE7VkOY,1,1,1,20.7472973,3,111,77,5,0,15,95,11,0.962307274,307,143,50,0,17,23,3,0,144.2742857,1
AR2MpzKboCc,1,1,1,10.44,2,27,26,2,0,5,289,6,0.90586781,63,47,5,0,3,5,1,0,31.61157895,1
iNAyZ0VE03s,1,1,1,13.40295181,4,83,74,3,0,7,137,8,0.947662473,158,96,21,0,13,3,2,0,69.75653061,1
b5iUpyfbxZE,1,1,1,15.02942308,2,52,43,2,0,7,358,9,0.90292274,58,46,6,0,2,5,3,0,27.10061224,4
vhlFq7NRa78,1,1,1,21.26068627,6,238,126,15,0,36,124,16,0.949047729,421,208,67,0,30,25,6,0,186.7775936,1
ITcU_94MU0k,1,1,1,17.44817352,3,73,60,3,0,3,222,23,0.955314815,347,156,62,0,18,32,20,0,155.1658491,1
lxSVI-OmpiA,1,1,1,13.66120567,3,47,37,3,0,2,149,17,0.771473804,156,107,24,0,7,15,30,0,64.12,5
FHdJUEvoBWc,1,1,1,15.04466667,2,45,42,2,0,4,308,,,,,,,,13,17,0,,1
w2fYQyikrts,1,1,0,12.36889831,4,59,54,3,0,10,95,1,,0,0,0,0,0,16,1,0,,
pobWbWcsHsQ,1,1,1,13.36089623,8,159,110,5,0,20,111,15,0.945023119,289,147,35,0,25,16,11,0,127.3050391,
g_IcjeeRSnw,1,1,1,35.96157464,3,163,125,2,0,12,168,11,0.771494495,96,65,15,0,5,15,30,0,41.86407407,
3exBHVItHZo,1,1,1,3.17625,1,8,8,0,0,0,193,25,,179,98,37,0,8,48,79,0,69.88437086,2
NI79s7lcW-4,1,1,1,15.52866906,10,278,168,7,0,33,227,,,,,,,,,,0,,3
IT8ORemILrA,1,1,0,19.605,1,2,2,0,0,0,140,43,,611,253,108,0,46,35,8,0,269.8924176,
1ogTxqidSTU,1,1,1,4.779516129,4,31,28,1,0,1,290,,,,,,,,15,1,0,,
M9LCBJvodR4,1,1,1,46.46847458,1,59,50,2,0,4,334,49,,377,161,58,0,26,19,3,0,160.5300904,1
5a2RGCYehVA,1,1,1,10.615,1,6,5,0,0,0,248,33,,507,217,80,0,47,22,5,0,223.5927333,
bAD45qPAE1M,1,1,0,9.33,1,5,5,0,0,0,114,24,,396,143,44,0,20,16,11,0,177.8889916,2
qE9qG0pvIMM,1,1,1,6.965714286,1,7,6,0,0,0,211,25,,424,190,53,0,30,8,1,0,192.0301055,2
TfLY7i9SHAo,1,1,1,43.05693878,1,49,40,2,0,4,269,2,,9,9,4,0,1,29,20,0,-2.71125,6
xwqn3nm5M1o,1,1,1,19.48428571,1,28,20,1,0,6,120,38,,638,265,87,0,39,4,6,0,288.030887,4
62DRz0MGvt4,1,1,1,17.28157895,2,19,16,0,0,2,237,17,,259,114,31,0,11,5,3,0,116.4772532,3
AD7hssdXtKk,1,1,1,25.56161765,2,68,62,0,0,4,209,37,,761,331,102,0,42,60,66,0,340.7719327,
vxDvJD2lTpU,1,1,1,19.60603774,6,159,109,5,0,14,62,36,,536,216,95,0,28,38,6,0,239.7780498,
Z4VdCpLDlU8,1,1,0,6.1575,4,48,40,0,0,3,124,,,,,,,,55,33,0,,
r0V9RMM6mHA,1,1,0,12.772,1,10,10,1,0,2,145,,,,,,,,20,2,0,,
z4BztMU6cVA,1,0,0,0,0,0,0,0,0,0,241,36,,484,208,71,0,32,31,23,0,216.6729099,0
o3QNkVPxkoA,1,1,1,9.8435,3,60,49,2,0,2,243,27,,487,201,76,0,31,8,13,0,216.0581651,
ikZ4C_IAi4g,1,1,1,47.45931507,1,73,34,2,0,1,230,51,,827,222,179,0,65,2,1,0,366.3873748,
XCyEXh87Y18,1,1,1,29.40961538,4,156,82,1,0,5,223,17,,421,177,61,0,23,10,2,0,194.7169054,13
6HGS4OvzDZ4,1,1,1,44.22896104,1,77,51,2,0,2,109,23,,382,189,48,0,25,14,7,0,172.7371221,1
V81V1-rpgBk,1,1,0,16.00426606,4,109,80,4,0,8,141,24,,406,148,64,0,31,,,0,182.4723098,2
G6LyE-hSKCE,1,1,1,41.79070796,2,113,70,2,0,13,235,1,,0,0,0,0,0,2,2,0,,6
BRl8Um_w0oE,1,1,1,19.25164384,6,219,148,4,0,20,338,11,,149,109,23,0,9,25,28,0,61.53024,
CCBEfQjf9NY,1,1,0,14.84324522,28,762,397,12,0,115,183,4,,28,22,5,0,1,2,1,0,7.6492,
KZAlMTVB0Iw,1,1,0,21.19204918,4,122,87,4,0,9,358,39,,742,285,86,1,52,14,4,0,337.0313373,
DWUfuxjyFvI,1,0,0,0,0,0,0,0,0,0,176,9,,68,46,13,0,0,6,2,0,31.36368421,
7okPuz_xBIs,1,1,0,10.66926267,20,434,264,13,0,53,110,14,,209,109,19,0,16,4,6,0,95.56875,
wUhuhjua3G0,1,1,1,15.60651741,3,67,61,4,0,7,168,38,,656,227,95,0,52,23,12,0,294.3658475,
8yGN1keG_yo,1,1,1,8.447142857,1,14,14,0,0,1,299,12,,254,141,42,0,20,8,4,0,117.3666953,
K2iSs8d91GM,1,1,1,15.71790698,2,43,37,2,0,3,83,,,,,,,,27,11,0,,2
VlM8xe3dG54,1,1,1,19.66027397,4,146,101,5,0,17,154,,,,,,,,15,1,0,,3
LhffntG2kV0,1,1,1,8.615357143,2,28,26,1,0,4,85,69,0.956241022,923,298,153,0,54,26,2,0,410.1098182,2
cf-EJMCTuw4,1,1,1,4.183913043,2,23,19,1,0,3,72,13,0.906675175,187,104,30,0,14,6,1,0,85.74701754,7
XVw4bv3DcqU,1,1,0,34.53068966,1,58,51,5,0,11,70,93,0.96857678,1357,415,255,0,92,21,26,0,604.6231358,1
uVKeRI8BxV8,1,1,1,9.802173913,10,69,54,1,0,7,184,6,0.967603445,88,57,9,0,1,10,3,0,39.36884615,
BP99t8DaXVU,1,1,1,18.90545455,2,66,49,4,0,7,187,6,0.719685614,33,25,4,0,0,39,78,0,14.137,
BzsiHxvGUI4,1,1,1,26.33401596,8,376,234,7,0,66,260,12,0.968892554,100,64,20,0,2,98,75,0,42.69655172,
AVJwcwbL054,1,1,1,13.46588235,5,119,82,8,0,12,274,30,0.966216942,506,223,84,0,35,29,22,0,228.3732166,
KrtbQ4IDozU,1,1,1,17.61590909,1,22,22,3,0,3,122,26,0.959860539,469,229,49,0,18,22,2,0,213.1156145,
IADGa54WKGU,1,1,0,106.7162857,2,420,211,2,0,45,193,40,,308,160,40,0,7,10,9,0,125.1850575,
kjMq07ldpMo,1,1,0,39.34914894,1,47,41,0,0,0,196,53,,815,315,138,0,45,38,20,0,364.5208071,6
741zzJKojhY,1,1,0,9.76,1,9,9,1,0,1,264,46,,917,297,135,1,78,13,1,0,408.0141758,5
DECKE-ZJbSE,1,1,0,20.98875,1,24,23,2,0,1,270,9,,290,150,44,0,25,7,3,0,134.208764,
kY9clp_6Fg0,1,1,1,45.3815493,1,71,45,2,0,2,219,44,,414,141,84,0,9,53,42,0,174.4632203,
byp1gWzXmDw,1,1,0,24.544375,1,16,16,0,0,1,123,,,,,,,,10,8,0,,
HkiGAos_TBs,1,1,0,146.0730357,1,280,220,2,0,6,277,40,,629,256,81,0,34,9,1,0,288.3751993,
Iy20E7SrqUc,1,1,0,27.045,1,42,28,1,0,0,170,43,,615,222,105,0,46,14,4,0,278.5021886,
YCeVI-npnMY,1,1,0,24.96,1,8,8,0,0,0,81,30,,548,212,87,0,31,10,1,0,245.3994082,
0Do3gn6631Q,1,1,1,14.3625,1,8,8,0,0,0,319,20,,273,153,38,0,14,12,1,0,124.2983951,
TV9kT-ZTZko,1,0,0,0,0,0,0,0,0,0,209,17,,247,119,44,0,21,3,3,0,113.4320087,7
dEHdD39EH4k,1,1,1,12.98892857,2,28,27,1,0,5,253,40,,623,281,102,1,51,59,26,0,279.9975666,0
cOuJgwSL1mo,1,1,1,18.24413793,2,58,44,2,0,4,77,23,,338,167,53,0,20,10,5,0,148.98,4
uobFhdaPPks,1,1,1,13.36451613,2,31,30,0,0,4,253,,,,,,,,2,1,1,,1
2TlmmzVSe9o,1,1,1,22.17862944,5,197,128,7,0,29,163,4,0.966134563,83,60,12,0,9,10,7,0,44.98461538,9
yO8jYyMSr28,1,1,1,26.87764706,1,34,30,1,0,3,210,14,,225,138,24,0,10,37,7,0,98.19742268,3
fv7hUTdQsoo,1,1,1,4.335,2,12,12,0,0,1,115,19,,288,150,45,0,23,37,7,0,130.6543529,4
KINeFbp0LSI,1,1,1,11.61636364,3,33,32,2,0,5,303,5,0.951853991,37,29,7,0,1,5,9,0,10.47903226,
knXSucCKnmM,1,1,1,8.33,1,3,3,0,0,0,109,41,,790,282,107,0,42,26,13,0,358.3386072,45
t8maFBs4w3k,1,1,0,16.12875,1,8,8,0,0,1,343,41,,602,280,57,0,26,21,6,0,266.62,6
45v0A3zIvTs,1,1,1,10.97035714,2,28,23,1,0,3,81,20,,325,145,54,0,21,10,6,0,145.2349662,
is9Q5ZmuhqY,1,1,1,11.58012397,32,484,244,7,0,63,271,20,,315,160,35,0,16,19,8,0,144.7783737,0
E23K2gZYlIQ,1,1,1,21.96140351,6,171,126,5,0,17,320,52,,1143,375,184,0,84,26,43,0,521.1379023,5
X8Huth0F3SE,1,1,1,7.53125,2,24,22,1,0,0,262,50,,724,256,159,2,52,49,36,0,323.1928899,
aSjsLZh-zgY,1,1,1,3.045294118,2,17,15,0,0,0,126,38,,618,207,114,0,35,28,17,0,267.9071667,
GCZHEDiPlVY,1,1,0,23.51971429,2,35,28,2,0,4,194,13,,171,90,24,0,8,12,3,0,76.44671053,
rrq0ZBW2_Ag,1,1,1,3.55,7,42,40,1,0,2,306,52,,821,309,139,2,56,46,48,0,372.9852597,
lhJUYv8SKFs,1,1,1,32.10538462,1,52,44,1,0,5,246,35,,501,221,61,1,21,10,2,0,223.9266592,
DcYxLHBjxaE,1,1,0,15.76,1,21,19,2,0,3,129,25,0.942228016,281,127,39,0,12,22,15,0,124.2547347,1
Kw2XP44oEQM,1,1,1,36.09050847,2,118,74,2,0,10,263,1,0.961639238,6,6,1,0,0,23,12,0,12.156,22
3RmIqdiy2Z0,1,1,1,16.86748858,3,73,64,3,0,11,342,28,,628,242,84,0,21,27,35,0,287.7234715,45
FUcolnh40HA,1,1,1,13.74627907,6,129,92,3,0,17,192,5,0.902169037,82,54,15,0,4,31,27,0,32.37324324,15
hksG3vPGLyk,1,1,1,35.16336283,2,113,82,3,0,16,176,9,0.917956385,120,68,22,0,7,27,2,0,49.87679245,
7QokaQsofzs,1,1,1,14.57282443,5,131,97,4,1,13,91,27,0.895967293,329,186,38,0,19,39,33,0,143.0698936,
KgGm-QgX1_4,1,0,1,0,0,0,0,0,0,0,110,3,0.944109693,31,29,4,0,0,21,8,0,11.91,
YCflqB0nJ48,1,1,1,8.262985507,6,115,78,6,0,27,60,18,0.811822508,139,93,16,0,6,21,22,0,57.92184211,
4VgOavmhVsQ,1,1,1,7.55,3,42,37,2,0,6,62,,,,,,,,11,2,0,,
1FecOjMsgMw,1,1,1,12.55941176,1,17,17,1,0,2,311,5,0.747666293,30,20,6,0,1,36,36,0,8.779615385,
mVUuREjXKXw,1,0,0,0,0,0,0,0,0,0,108,25,,356,192,47,0,19,28,15,0,156.1169903,
Q_70nwRIkHU,1,1,1,7.98,1,18,14,0,0,0,154,21,,274,130,59,0,13,54,56,0,113.7185714,48
_RaaAzOx5vA,1,1,0,13.12,1,22,21,2,0,0,153,34,0.859217324,325,135,52,0,12,2,12,0,141.1973958,21
UMgmDB59rNs,1,1,0,30.08178571,1,28,27,2,0,3,301,51,,849,285,144,0,42,18,28,0,380.808902,3
9FbdOxfyll0,1,1,0,6.567681159,6,46,31,1,0,1,127,2,0.681530396,14,13,1,0,0,13,11,0,11.47363636,7
TbhMjm-qhWE,1,1,1,17.61590909,1,22,18,2,0,1,156,,,,,,,,42,15,0,,47
X_qSzk-68_A,1,1,1,15.64354839,2,31,26,0,0,2,199,7,,133,81,26,0,12,21,10,0,57.17459016,17
NolRQFcKuxk,1,1,0,19.97388889,4,27,21,1,0,0,211,25,,546,181,94,0,44,17,4,0,251.3430724,3
yEbAC4hIKCg,1,1,1,56.50090909,2,165,81,2,0,2,183,5,0.714028557,26,24,6,0,1,2,1,0,8.960769231,11
2ixxO7ErK-E,1,1,1,24.91290323,1,31,28,0,0,5,198,15,,170,113,22,0,3,10,33,0,79.75901961,7
7DaDVmNKSUE,1,0,0,0,0,0,0,0,0,0,249,43,0.906676534,306,113,38,0,15,7,17,0,137.5119788,0
9f5n4DhiIUo,1,1,1,68.76654545,1,110,67,2,0,2,231,55,0.873398146,607,221,147,0,16,3,1,0,262.5329907,2
crobws1Rx38,1,1,0,12.22,2,9,9,1,0,1,155,2,0.820207636,48,38,2,0,0,11,6,0,23.55230769,
sPCrzROlrqE,1,1,1,30.84125984,12,762,365,4,0,48,250,32,0.954083045,368,163,78,0,21,33,3,0,163.233689,1
tLA3qRBLj3c,1,1,1,15.61535714,1,28,24,0,0,1,205,19,,323,162,59,0,16,57,65,0,139.0222917,1
RWucpVEBJFA,1,1,0,10.24125,1,8,8,2,0,0,239,,,,,,,,33,38,0,,
eF4vqpoTD0M,1,1,1,10.55230769,3,39,35,3,0,6,146,,,,,,,,38,25,0,,3
GLHmlZeVT6w,1,1,1,18.44246154,2,65,51,1,0,4,322,38,0.787465921,371,169,67,0,6,2,1,0,155.2120376,
CuipeYchxKE,1,1,1,13.29285714,5,105,70,4,0,17,70,24,,284,163,40,0,22,51,40,0,121.99875,1
XA-uXlaUk-Y,1,1,1,22.30792208,12,462,283,10,0,58,275,8,,71,59,6,0,6,6,4,0,29.41465517,4
ryTyKJFnOv4,1,1,1,17.73383721,8,258,157,7,0,36,209,15,,301,150,42,0,21,4,5,0,135.6264706,2
IJuP9F-U3Kc,1,1,1,19.90454545,1,33,31,1,0,3,229,16,,173,97,26,0,7,5,4,1,74.32765517,52
Fb08d7jlhss,1,1,1,21.05754717,2,53,46,3,0,6,75,,,,,,,,13,20,0,,5
g3XPxYF3Iis,1,1,1,23.09249783,18,641,336,6,0,65,235,,,,,,,,6,1,0,,
lYVSlpqxmBE,1,1,1,47.61930595,4,353,260,4,0,26,247,35,,468,225,75,0,21,62,41,0,207.5221429,5
0QvfSH19kFM,1,1,1,14.71333333,3,63,49,2,0,6,200,3,0.962513268,84,60,16,0,4,44,6,0,38.49148148,10
U5VVSCVJt_w,1,1,1,17.4144831,11,277,153,4,0,23,356,3,,11,10,1,0,0,23,18,0,3.601428571,3
PHLL3T78n9A,1,1,1,14.22518628,13,287,163,5,0,34,121,23,,368,171,53,0,28,10,4,0,168.421982,7
iNgqpAiVb50,1,1,1,104.6127411,1,197,126,4,0,17,150,30,,567,259,66,0,39,14,2,0,257.8495882,1
OFl_bKVYsPo,1,1,1,13.27263158,3,57,52,5,0,5,301,35,,535,221,110,2,38,53,52,0,239.1816495,2
mD_qpFJVKcw,1,1,1,16.73844749,9,219,145,4,0,24,263,24,,377,190,40,0,24,13,36,0,171.0962687,3
QxvqNJTJ9aA,1,1,1,26.51543689,5,206,139,2,0,17,216,50,,777,267,133,0,55,12,6,0,341.8755233,3
XuQ92dchS7E,1,1,1,30.58697342,6,326,167,5,0,48,165,69,,1129,371,175,0,43,34,8,0,503.4192262,7
wY8iGyf9Au4,1,1,1,14.88430108,3,62,47,2,0,6,211,66,,1152,334,164,0,71,7,3,0,503.6520158,3
zhg1dcobM0U,1,1,0,20.01311594,3,92,68,3,0,8,265,15,,344,165,49,0,17,14,20,0,157.7509524,4
SgFsfEds7DY,1,1,1,29.321,4,195,133,5,0,18,169,34,,610,252,76,0,28,14,2,0,274.7532007,2
KLoaYPXlWHM,1,1,1,15.091,2,50,40,2,0,5,259,12,,154,83,18,0,9,17,1,0,67.90352941,6
Bu-V-VS3PRE,1,1,1,29.17607692,4,195,133,4,0,18,300,17,,272,152,46,0,11,54,36,0,124.8615538,3
QHE4WxGIHug,1,1,1,15.22379487,9,195,131,4,0,19,159,,,,,,,,1,1,0,,8
nHte2xl60ec,1,1,1,25.34517442,4,172,116,4,0,17,183,60,,850,302,163,0,64,44,45,0,375.5462929,2
uX642OcjJ8E,1,1,0,20.05096774,3,93,72,3,0,10,214,,,,,,,,35,3,0,,7
AI-edvZx2GU,1,1,1,3.642,1,20,18,0,0,4,121,47,,815,277,114,0,46,15,16,0,374.964257,1
M278Lo83cVY,1,1,1,17.40181818,1,22,21,2,0,2,250,,,,,,,,29,9,0,,9
5V0oRu0wvmw,1,1,1,9.382806324,23,275,167,5,0,31,183,45,,780,329,91,0,46,46,12,0,351.2116429,7
9iW7UrH4YyQ,1,1,1,15.2794335,7,174,93,5,0,18,95,55,,831,270,151,0,61,10,6,0,371.5780295,2
IXD07Xp45cc,1,1,1,5.923928571,2,28,24,2,0,7,87,14,,101,77,13,0,4,13,4,0,42.2013253,1
ZBVtGlFq-MU,1,1,1,23.08410596,5,151,112,2,0,12,188,61,,1045,389,176,0,59,18,27,0,466.5925321,18
0zot0BS1-x4,1,1,1,15.71196517,6,134,91,4,0,18,130,4,,16,14,2,0,1,1,1,0,6.808461538,11
IZObgO741Jc,1,1,1,17.74673077,4,104,78,3,0,9,211,38,,579,220,98,1,28,15,23,0,255.7921637,1
sMH7o2DJDxI,1,1,1,20.5665493,4,142,96,4,0,13,134,,,,,,,,28,2,0,,2
l-B2pCcNibc,1,1,1,39.64639344,1,61,53,2,0,5,137,,,,,,,,22,5,0,,
fHui_Q6ld10,1,1,1,8.738992248,3,43,38,4,0,7,331,32,,237,126,27,0,6,10,7,0,99.07424242,52
IVH_6ciQfZk,1,1,1,19.29648144,13,371,220,6,0,47,191,,,,,,,,36,7,0,,8
8W8rlLrT2IE,1,1,1,16.38456522,2,46,40,3,0,3,114,37,,728,267,113,0,41,7,3,0,320.4817629,0
tXKGasTUxNI,1,1,1,24.1529979,9,371,197,5,0,48,202,48,,986,361,149,0,51,38,7,0,450.879878,8
B-Po2Oxop88,1,1,0,0,0,0,0,0,0,0,70,22,,187,92,30,0,7,23,8,0,71.4472549,2
_PK9ZT-I2v0,1,1,0,14.69,3,66,49,1,0,7,168,11,0.965177178,153,92,29,0,10,28,9,0,69.31357664,5
Y7m4J09lEKA,1,1,1,13.062,2,40,34,2,0,5,178,13,,113,75,17,0,2,18,18,0,45.97744898,6
sQ-0RkPu35o,1,1,1,12.14785714,1,14,14,0,0,1,113,68,,842,299,134,0,42,55,13,1,370.6254839,2
RJ0QBsHHrvo,1,1,1,26.67223404,2,94,77,3,0,16,120,51,,1014,354,152,0,46,88,87,0,452.3262971,52
Tv7-2r8Ki1U,1,1,1,16.66733333,5,90,75,2,0,12,241,,,,,,,,28,49,0,,11
X17Q_RPUlYo,1,1,1,16.76454545,1,33,31,2,0,1,65,31,,508,234,71,0,33,7,3,0,228.0955263,5
uWGTis_zlgk,1,1,1,13.42176189,13,241,155,8,0,33,287,13,,132,87,13,0,8,14,1,0,55.54081081,8
QG2Kr3i9gbc,1,1,1,35.44526718,2,131,96,2,0,18,86,64,,886,297,154,0,58,26,2,1,395.5875126,22
WeLPalujddI,1,1,1,13.53444444,5,81,66,7,0,12,122,3,,13,13,1,0,0,14,8,0,-1.162307692,1
Jl77C9JQa1I,1,1,1,7.895384615,1,13,13,0,0,2,207,,,,,,,,26,18,0,,3
x4-mMs7Q6gs,1,1,0,12.22871795,3,65,51,3,0,10,173,56,,1077,362,168,1,71,4,4,0,495.2760423,1
cVzy4kCgv5A,1,1,1,10.64682927,2,41,34,2,0,5,83,20,,345,172,47,0,19,23,18,0,153.765,3
0eQwcA_pUTc,1,1,0,12.39571429,1,21,18,1,0,0,251,73,,792,258,140,0,29,44,8,0,336.7203965,20
7cEd2ZrItNg,1,0,0,0,0,0,0,0,0,0,255,,,,,,,,38,17,0,,3
W9OyCPDBPr0,1,1,0,18.65470588,1,17,16,2,0,1,319,32,,195,98,32,0,0,9,3,0,72.03644295,6
F_eeAS02-T4,1,0,1,0,0,0,0,0,0,0,166,25,,214,120,31,0,6,7,14,0,88.50337209,21
hRh_8LLYlbo,1,1,1,10.29863636,4,66,50,3,0,5,201,39,,530,207,76,0,27,36,16,0,234.8174051,1
D9KZEjs6wTY,1,1,1,14.73354801,7,122,88,3,0,18,118,50,,818,279,101,0,52,6,14,0,370.1341622,2
KvGhlbYxeOE,1,1,1,17.46763441,6,155,114,7,0,17,61,23,,365,193,47,0,29,39,15,0,167.4601802,4
vC6eZxbVmHo,1,1,1,11.782,1,30,25,1,0,4,153,22,,298,170,46,0,17,21,8,0,136.6741091,1
orqdxsg-Dr4,1,1,1,29.07492327,9,362,202,8,0,40,326,37,,503,194,67,0,22,35,14,0,222.7491982,5
kQHd4P8NhRc,1,1,0,13.358125,1,16,15,1,0,1,268,15,,139,77,25,0,10,7,2,0,59.1397561,18
M3scItIB954,1,1,1,12.46603489,23,501,279,7,0,52,168,42,,694,226,134,0,41,60,34,0,310.7867886,6
rIOrRCiRQnU,1,1,1,20.24309071,7,263,135,4,0,45,164,,,,,,,,33,32,0,,4
O4FRpaoYlP0,1,1,1,18.94327119,23,695,331,14,0,75,318,44,,649,234,100,0,40,13,17,0,280.4371809,0
v-qDrg6FOok,1,1,1,28.49358262,7,319,198,10,0,34,295,17,,219,115,34,0,11,7,2,0,97.57271357,4
xVfuDXjCC1o,1,1,1,34.75157895,4,228,132,6,0,20,105,,,,,,,,17,2,0,,16
rIWb2vlUNaM,1,1,1,8.673227969,36,580,284,8,0,77,205,56,,821,352,119,0,59,1,5,0,372.8646892,1
th8mj7pZFlw,1,1,1,16.26730769,3,78,56,3,0,9,140,22,,335,158,45,0,19,13,8,0,147.5747586,3
wJykz_Eg1G4,1,1,1,9.632,3,30,28,2,0,3,232,43,,739,294,105,0,41,26,46,0,337.0593314,1
1WrdzNJ4A44,1,1,1,12.86913201,7,158,107,3,0,13,268,45,,767,298,97,0,47,28,22,0,343.9087645,5
