,Unnamed: 0,video_ID,has_title,has_description,has_tags,readability,sentence_count,word_count,word_unique,transition_words,summary_words,active_verb,video_duration,transcript_sentence_count,transcription_confidence_avg,transcript_wordcount,transcript_unique_wordcount,transcription_active_wordcount,transcription_summary_wordcount,transcription_transition_wordcount,unique_obj_count,scene_count,OCR_confidence_avg,medical_entity_terms,class
1,1,t9o7jGViy4w,True,True,False,15.53571429,1,21,21,1,0,3,61,150,0.857769078,2239,663,369,0,118,20.0,35.0,0.807972369,0.0,2
2,2,kvQkyNOv4Rs,True,True,False,22.55875,1,24,24,1,0,3,61,42,0.881489502,993,310,164,0,39,19.0,26.0,0.880347759,4.0,4
3,3,DUlLEmobwys,True,True,False,8.217941176,4,51,42,2,0,7,61,193,0.826510391,2020,443,400,0,76,16.0,27.0,0.746320748,4.0,3
4,4,0ttVVGfydkw,True,True,False,9.5295,1,20,20,1,0,3,61,28,0.841631975,807,344,107,0,46,24.0,14.0,0.932517136,0.0,1
5,5,xQHL1JVl3bc,True,True,False,12.82977778,9,135,93,2,0,14,61,98,0.83222342,873,250,160,0,29,27.0,2.0,0.818415,0.0,3
6,6,Jk5IXhB9ZXM,True,True,False,13.19362245,10,196,146,9,0,30,63,22,0.85439226,285,124,38,1,10,5.0,1.0,0.974924044,14.0,1
7,7,Vb-nz6op8yg,True,True,False,7.92933908,6,116,73,3,0,16,65,97,0.870856598,1959,484,218,0,118,6.0,1.0,0.877075582,7.0,1
8,8,kcuUcHU21Ik,True,True,False,18.07451613,2,31,29,2,0,4,66,7,0.89630414,193,107,21,0,9,55.0,3.0,0.893276061,0.0,1
9,9,shsNVuFRKDo,True,True,False,15.51271429,4,70,66,2,0,8,66,77,0.838655839,1256,358,197,0,80,25.0,22.0,0.891471244,2.0,4
10,10,HMe6iDvwFUw,True,True,False,9.448946281,8,121,96,5,0,19,67,21,0.87028925,287,146,18,0,12,24.0,10.0,0.914009974,8.0,2
11,11,4JLnkpdjoU8,True,True,False,9.638024845,7,115,86,6,0,16,68,78,0.861598446,995,418,151,0,38,24.0,27.0,0.914323389,0.0,1
12,12,6IulrGavrjM,True,True,False,10.61727273,1,11,11,1,0,1,71,38,0.823505609,979,447,156,0,51,36.0,46.0,0.936160194,0.0,1
14,14,2OFHQnz9vSg,True,True,False,341.2559337,1,664,91,3,0,58,73,128,0.844801829,2429,490,503,0,135,30.0,92.0,0.919337967,3.0,1
15,15,Y98ry3671Rg,True,True,False,12.2486,8,150,115,3,0,24,74,77,0.864564647,1383,454,272,0,72,61.0,52.0,0.870996118,0.0,2
16,16,LI4AE9ys4eo,True,True,False,12.09967914,10,187,125,7,0,29,74,9,0.894694495,204,139,27,0,7,16.0,18.0,0.888621544,2.0,1
17,17,87DX7150ovo,True,True,False,18.91145161,2,62,49,5,0,5,74,52,0.845095881,876,297,170,0,56,7.0,1.0,0.847167693,4.0,1
18,18,M4BOOuJ2oiI,True,True,False,16.11727273,5,110,75,4,0,10,75,80,0.856275678,2029,502,393,0,112,14.0,1.0,0.876792652,1.0,2
19,19,lshzaYhtOyA,True,True,False,15.99894737,5,114,77,4,0,12,76,164,0.878098034,2381,665,430,0,119,17.0,27.0,0.807316172,3.0,2
20,20,80lIWoGHNNA,True,True,False,16.67125,1,24,24,1,0,4,76,19,0.900463401,487,209,56,0,18,33.0,2.0,0.934614847,5.0,4
21,21,dCpHGtG9AZ8,True,True,False,13.59821591,11,240,156,4,0,27,76,93,0.844899881,1680,444,298,0,87,35.0,17.0,0.814701194,0.0,1
22,22,t1cZrBYbdYs,True,True,False,13.43171875,4,64,55,1,0,7,78,96,0.82865855,2223,565,349,0,185,9.0,4.0,0.857346003,2.0,1
23,23,E3nTHnkZybk,True,True,False,17.76484615,5,130,81,4,0,12,81,134,0.856241907,1776,661,228,0,92,68.0,85.0,0.87283997,2.0,2
24,24,BZS0amkjOhI,True,True,False,17.33404959,5,121,84,4,0,11,81,25,0.868702493,668,287,99,0,35,4.0,2.0,0.947277483,5.0,2
25,25,p1sEh1IUsKM,True,True,False,16.56439024,5,123,84,4,0,12,82,12,0.799181143,227,136,34,0,9,22.0,17.0,0.898857774,2.0,2
26,26,imQ5qMqdoJM,True,True,False,14.835,2,54,42,2,0,8,82,150,0.827466717,1191,273,213,0,30,40.0,2.0,0.806970972,0.0,1
27,27,MatiZeIGpb0,True,True,False,13.17625,2,56,45,1,0,5,84,64,0.843861281,957,294,192,0,64,11.0,1.0,0.834828944,6.0,1
28,28,odKDsbjKWps,True,True,False,11.60777778,1,27,24,1,0,3,84,25,0.880763557,394,175,63,0,28,42.0,3.0,0.840873651,6.0,3
29,29,UOvWr-vMO94,True,True,False,19.01729927,5,137,87,4,0,12,85,34,0.81875835,640,302,105,0,46,51.0,51.0,0.851805673,0.0,2
30,30,nxS-LP1StvE,True,True,False,18.35805755,5,139,88,4,0,13,86,22,0.857945063,513,203,74,1,23,2.0,2.0,0.867323927,7.0,2
31,31,OgpVYTnsmuk,True,True,False,18.64183099,5,142,88,4,0,14,87,84,0.861186615,1278,477,177,0,56,11.0,1.0,0.934702367,5.0,2
33,33,nyRrm-cCj9g,True,True,False,17.441875,4,48,39,1,0,4,89,26,0.789241885,552,244,85,0,31,9.0,15.0,0.881458075,10.0,2
34,34,VXQ0aQHe9VQ,True,True,False,11.93630137,10,146,79,3,0,16,90,12,0.898069742,254,126,35,0,16,7.0,1.0,0.761409658,2.0,2
35,35,pLrDuFCN3BI,True,True,False,10.82015504,3,43,40,4,0,7,90,61,0.878771075,797,283,118,0,31,30.0,27.0,0.838472916,4.0,3
36,36,0bRS-6GDLy4,True,True,False,19.2786755,5,151,94,4,0,14,92,4,0.884177283,357,109,42,0,11,40.0,27.0,0.863293747,3.0,2
37,37,2N64oGaFQCA,True,True,False,12.48428571,1,14,14,0,0,0,94,11,0.864920393,319,161,58,0,21,24.0,16.0,0.872584293,1.0,2
38,38,xmJ3zYQhUuo,True,True,False,10.45332589,7,128,100,5,0,22,95,46,0.865235125,1150,334,187,0,94,3.0,2.0,0.820180091,9.0,1
39,39,QfE4CBG90tM,True,True,False,10.45332589,7,128,100,5,0,22,95,144,0.845233504,1576,384,281,0,76,28.0,27.0,0.856431766,6.0,1
40,40,AJ9QNdP9fHk,True,True,False,17.93647059,5,136,87,4,0,14,95,31,0.865219057,469,224,90,0,27,33.0,18.0,0.943516804,3.0,2
41,41,G11lr2N7gjQ,True,True,False,10.81057971,3,46,39,2,0,6,96,80,0.819468898,1979,503,387,0,155,26.0,22.0,0.787601113,1.0,1
42,42,6lMJSzwffs4,True,True,False,12.30309195,12,290,150,15,0,46,97,25,0.883051734,820,315,95,0,42,1.0,1.0,1.0,10.0,1
43,43,yUZno6t4mTg,True,True,False,15.06163424,10,257,151,5,0,47,97,43,0.853877246,529,226,93,0,26,55.0,57.0,0.883352981,0.0,1
44,44,_L2dpW_bFRc,True,True,False,20.72838951,9,267,156,5,0,30,97,78,0.839041051,1454,483,171,0,54,10.0,1.0,0.94922361,5.0,1
45,45,Bkvp1kKQLcE,True,True,False,11.68999831,34,695,319,6,0,108,98,78,0.863081364,1294,410,164,0,67,18.0,21.0,0.961013036,6.0,3
46,46,0Y4kAKn6bGc,True,True,False,12.73591837,2,49,42,2,0,8,98,12,0.886526528,268,125,40,0,21,10.0,13.0,0.986706326,12.0,1
47,47,Ika3dP47fAo,True,True,False,197.6524806,2,774,165,4,0,47,98,30,0.815216856,638,286,131,1,48,44.0,37.0,0.855694561,4.0,3
48,48,yP9OxQM1wls,True,True,False,21.03817834,18,638,167,2,0,34,100,78,0.870252768,1167,453,191,0,67,16.0,1.0,0.930946061,6.0,3
49,49,PLPdAD15Ndg,True,True,False,13.17414634,2,41,38,2,0,6,100,48,0.888725793,710,306,104,0,28,48.0,6.0,0.919615065,3.0,1
50,50,oCGgwc1Cb9A,True,True,False,18.86128378,5,148,94,4,0,15,102,23,0.815289032,562,261,84,0,41,16.0,9.0,0.779544489,3.0,2
51,51,4CBIYoDF288,True,True,False,16.84598174,9,219,146,5,0,30,103,159,0.836539035,2258,693,382,0,123,62.0,114.0,0.916963724,0.0,2
52,52,drDU7X4kAf8,True,True,False,20.32434959,3,82,66,4,0,7,104,158,0.843918506,2354,418,375,0,87,15.0,10.0,0.832335726,5.0,2
53,53,FnIf3OPDBFM,True,True,False,8.58673913,4,46,42,3,0,7,104,94,0.880804713,1661,462,274,0,95,68.0,111.0,0.867138334,6.0,3
54,54,PuF0aJS_qaw,True,True,False,24.39171254,3,109,82,4,0,15,104,74,0.862367082,1192,395,160,0,82,10.0,3.0,0.926219457,4.0,2
55,55,V9FDxlZ_sik,True,True,False,11.803,4,85,65,4,0,8,104,1215,0.859915751,20484,2316,3264,6,865,69.0,39.0,0.884383615,2.0,1
56,56,0phXsBQW48M,True,True,False,19.97685139,10,397,233,4,0,53,105,24,0.8771001,696,394,85,0,41,43.0,39.0,0.922414065,5.0,1
57,57,LMvNeaUMRlw,True,True,False,10.60056723,17,336,200,6,0,47,105,36,0.8680945,886,289,105,0,64,24.0,3.0,0.925385465,5.0,1
58,58,OaxRva_GajU,True,True,False,15.03461538,10,338,185,2,0,50,106,44,0.820239164,711,332,81,0,25,16.0,56.0,0.916720625,12.0,4
59,59,WGw-7Y0xEV0,True,True,False,10.71105263,3,57,50,1,0,6,106,104,0.84877894,1740,644,172,0,59,1.0,1.0,0.961016953,11.0,3
60,60,asTNBEltQQc,True,True,False,28.25592179,5,179,134,3,0,10,106,57,0.88191146,939,371,113,0,45,11.0,4.0,0.895831361,9.0,3
61,61,Wd5Qmjt3egI,True,True,False,5.707,1,10,10,1,0,1,106,111,0.863684371,1898,509,311,0,82,22.0,27.0,0.823337085,4.0,1
62,62,QfRpnA3CKos,True,True,False,19.97090909,3,66,57,2,0,9,110,10,0.80032052,374,188,64,0,15,27.0,15.0,0.833795159,8.0,3
63,63,sBx5OHKW2nM,True,True,False,11.49857143,2,42,36,2,0,6,110,60,0.836063788,1590,513,286,0,71,11.0,25.0,0.84843452,6.0,1
64,64,RABThDFW000,True,True,False,17.35344437,17,498,285,4,0,41,111,100,0.865413004,1983,621,260,0,91,25.0,1.0,0.91294821,13.0,1
65,65,Lq2taGJseak,True,True,False,14.00575,5,80,67,2,0,9,111,22,0.879893006,322,180,47,0,15,25.0,26.0,0.862396006,4.0,3
66,66,xuNEnhCZFLo,True,True,False,11.45117647,1,17,16,1,0,1,111,8,0.907851665,145,90,19,0,6,10.0,1.0,0.953947296,5.0,1
67,67,40UJSG_B5vA,True,True,False,38.02021898,10,685,241,5,0,111,112,18,0.732416093,137,85,12,0,9,26.0,6.0,0.830470394,1.0,3
68,68,8CBC8vf8K_s,True,True,False,7.703490701,15,233,142,8,1,51,113,24,0.80795554,468,220,76,0,22,21.0,15.0,0.931667463,2.0,3
69,69,1Zsyast6s9Y,True,True,False,11.57941176,17,375,204,12,0,64,113,77,0.866278834,2906,1020,306,1,147,2.0,1.0,0.942419563,17.0,3
70,70,Yhn2qguQfUM,True,True,False,18.23666667,5,135,85,4,0,13,114,37,0.893388127,1094,488,137,0,56,15.0,27.0,0.780104699,7.0,1
71,71,sQ-0RkPu35o,True,True,False,12.14785714,1,14,14,0,0,1,114,69,0.847260763,1124,354,186,0,56,9.0,2.0,0.817068068,2.0,1
73,73,x93I3a30FEg,True,True,False,6.475,1,4,4,0,0,0,116,18,0.890457537,337,165,38,0,10,16.0,19.0,0.936751273,8.0,3
75,75,oIyXFT6YGBE,True,True,False,7.895384615,1,13,11,0,0,1,118,7,0.83909061,288,154,35,0,8,33.0,3.0,0.886304993,9.0,2
76,76,Q4p6Suko25A,True,True,False,16.19681034,5,116,81,4,0,12,119,24,0.866803688,434,225,35,2,43,13.0,2.0,0.864559996,4.0,2
77,77,LedWl2QTy40,True,True,False,18.95741379,20,667,316,6,0,100,119,47,0.790744457,1121,325,220,0,51,31.0,13.0,0.859070602,1.0,3
78,78,JHgUzLCWqvw,True,False,False,0.0,0,0,0,0,0,0,121,53,0.839697061,1266,441,163,0,63,2.0,1.0,1.0,3.0,1
79,79,QMzNnvkYOF0,True,True,False,8.608699187,3,41,33,2,0,6,122,10,0.82279879,136,84,16,0,6,22.0,18.0,0.872422088,1.0,1
80,80,ufCiGz75DAk,True,True,False,12.71613695,9,172,97,6,0,18,123,78,0.827512519,1289,385,249,0,89,37.0,29.0,0.882482536,0.0,1
81,81,DBXgnMfVFzI,True,True,False,11.94714286,2,42,36,2,0,4,123,95,0.864122309,1706,438,260,2,98,8.0,3.0,0.821956523,8.0,1
83,83,29KdXZH0niA,True,True,False,8.577280702,3,38,30,3,0,5,124,13,0.849742952,378,228,52,0,13,18.0,16.0,0.948745783,4.0,1
84,84,SA-sug6P0fM,True,True,False,16.56886957,5,115,79,4,0,11,125,45,0.84624406,842,337,129,0,48,15.0,1.0,0.973041624,6.0,2
85,85,u3QmJbB9lvk,True,True,False,22.99549738,5,191,125,3,0,24,125,91,0.834025686,1416,486,258,0,79,85.0,131.0,0.911254985,0.0,2
86,86,nDxfxIaRfQ4,True,True,False,13.48306436,15,347,205,4,0,51,126,41,0.851244737,529,202,76,0,12,22.0,20.0,0.851190359,8.0,1
87,87,nSwBbPUUduQ,True,True,False,15.05466667,3,55,47,3,0,5,126,90,0.859270096,1580,519,216,0,82,4.0,4.0,0.952655943,1.0,1
88,88,jvg8EmtWF78,True,True,False,13.81472727,2,55,43,1,0,8,127,52,0.882528192,852,357,115,0,35,62.0,26.0,0.915094418,1.0,3
89,89,m3xKf7bNQ0Q,True,True,False,11.24656627,4,83,57,5,0,10,127,13,0.80991569,106,77,9,0,4,1.0,1.0,0.72262502,1.0,1
90,90,wP3Bra09rcQ,True,True,False,10.47974286,20,350,207,7,0,51,128,54,0.89157927,780,269,106,0,42,5.0,1.0,0.879905962,2.0,1
91,91,Ef-NZtTVSMM,True,True,False,12.55941176,1,17,15,0,0,0,130,94,0.879535839,1505,559,195,0,77,24.0,4.0,0.930489279,2.0,2
92,92,f4D5IgUYn3w,True,True,False,15.33431609,13,293,190,11,0,44,130,124,0.872261867,2415,462,387,0,112,20.0,33.0,0.934231917,10.0,1
94,94,ScjyYj7UdsM,True,True,False,-1.53375,1,8,8,1,0,1,132,49,0.883582636,892,370,109,0,56,19.0,2.0,0.910122947,6.0,1
95,95,usIZ0YSQFD0,True,True,False,17.04630435,5,138,88,3,0,20,132,57,0.848795691,802,330,96,0,46,29.0,46.0,0.885576237,8.0,4
96,96,aVWZDhk-DVU,True,True,False,12.96769231,1,13,13,1,0,0,133,300,0.839230732,6198,1237,1047,0,377,17.0,99.0,0.847395229,5.0,2
97,97,ItjPn8WxVSA,True,True,False,12.45060606,3,44,37,2,0,3,135,14,0.854671657,154,107,20,0,6,26.0,4.0,0.872358353,9.0,2
98,98,Ex5_Z-DpJ0A,True,True,False,9.439244167,17,358,189,12,0,57,136,13,0.842790339,326,150,47,1,14,19.0,12.0,0.907726824,2.0,3
99,99,J4AacdAkP08,True,True,False,10.50685714,21,405,243,11,0,72,136,52,0.791319609,885,508,130,0,34,14.0,2.0,0.84585745,2.0,3
100,100,IVz7xJxHOjk,True,True,False,12.25512195,2,41,36,3,0,4,137,227,0.843821686,5333,1040,982,0,371,14.0,4.0,0.814448874,3.0,1
101,101,Grw7zvY9gY8,True,True,False,9.443368169,26,449,193,7,0,57,137,16,0.808019956,262,140,49,0,13,14.0,12.0,0.941896273,1.0,1
102,102,KtT7zvYJekA,True,True,False,14.90674699,8,166,128,4,0,20,138,25,0.842729173,385,217,77,0,20,29.0,19.0,0.896285346,4.0,1
104,104,QFc-5oXgbYY,True,True,False,25.14731707,1,41,37,2,0,6,139,83,0.879271287,1261,392,204,0,46,18.0,65.0,0.90166854,4.0,2
105,105,IkoC3HZwe7Q,True,True,False,19.28333333,3,81,64,2,0,6,140,43,0.883570826,696,263,86,1,34,30.0,18.0,0.914275698,5.0,1
107,107,JNUmKulUWec,True,True,False,11.58970588,2,34,32,2,0,1,140,33,0.844224949,715,283,126,0,40,14.0,2.0,0.966752886,5.0,3
109,109,HvcQdJcN6mk,True,True,False,10.46571429,1,14,14,2,0,2,142,33,0.873567595,480,220,54,0,27,12.0,3.0,0.991654742,2.0,1
110,110,XeZgKLfIJn4,True,True,False,5.813787879,3,44,34,3,0,6,142,175,0.86790469,5019,962,761,4,269,32.0,47.0,0.849263547,3.0,1
111,111,H-8wC490oEs,True,True,False,14.22511628,5,86,68,4,0,9,144,8,0.766260527,230,136,45,0,16,33.0,2.0,0.941656094,4.0,2
113,113,Wa7yYFPVb6o,True,True,False,26.52852273,2,88,68,2,0,5,144,14,0.835136316,310,143,39,0,13,41.0,17.0,0.87635844,15.0,4
114,114,LCdTfQXDK34,True,True,False,23.95805567,7,349,223,6,0,42,144,39,0.853280747,1094,305,197,0,73,2.0,2.0,0.929360231,0.0,1
115,115,8hnvY6_Jpvg,True,True,False,9.499795436,48,829,369,12,0,113,146,11,0.83214917,196,114,22,0,9,7.0,4.0,0.922125242,6.0,1
116,116,l_9vgXkmVnk,True,True,False,10.79138211,3,41,29,2,0,4,147,5,0.84736553,86,57,13,0,8,24.0,9.0,0.970192413,10.0,1
117,117,3NRpp1pBN2E,True,False,False,0.0,0,0,0,0,0,0,148,9,0.8190238,210,123,27,0,17,6.0,1.0,0.988869538,5.0,3
118,118,K4SOS9okas4,True,True,False,12.80086957,2,46,42,3,0,3,151,151,0.828785392,2441,590,358,2,116,21.0,56.0,0.93858174,6.0,1
119,119,7Au-MRjoHYQ,True,True,False,13.405,2,42,41,2,0,3,151,75,0.890396413,1077,371,110,1,56,22.0,3.0,0.851473888,13.0,3
120,120,UeXD730uIII,True,True,False,12.47384615,2,39,37,2,0,3,151,42,0.839593223,1090,345,184,0,67,9.0,1.0,0.861066234,3.0,3
121,121,bhOF3Kx8CEQ,True,True,False,11.71484848,3,55,51,3,0,8,151,34,0.899998176,658,241,69,0,29,33.0,9.0,0.881579515,10.0,1
122,122,99CLGZNuFqE,True,True,False,13.63674419,2,43,40,3,0,6,151,58,0.87447817,823,318,126,0,40,30.0,35.0,0.934510345,2.0,3
123,123,auIwEV1SiBQ,True,True,False,11.99184211,2,38,35,2,0,3,152,89,0.8728019,1443,490,250,0,72,83.0,68.0,0.847176498,0.0,1
124,124,k22zlWRzbk0,True,True,False,12.01157661,13,242,127,3,0,32,153,81,0.846607053,1577,466,252,0,75,39.0,24.0,0.840613653,0.0,3
126,126,U3z9nMMklFw,True,True,False,12.78091429,20,350,235,4,0,41,154,88,0.871543045,1735,428,239,0,103,6.0,7.0,0.814911881,5.0,3
127,127,mbD2oAjPU0c,True,True,False,10.44386364,2,44,31,2,0,8,154,127,0.831222625,2158,620,379,0,136,22.0,39.0,0.886181634,1.0,1
128,128,7VQfOt_2XG4,True,True,False,10.52229675,24,369,232,7,0,48,155,64,0.889529356,1080,408,128,0,50,55.0,15.0,0.886314103,9.0,1
129,129,WjyQTmJBXFg,True,True,False,10.272,1,5,5,0,0,1,155,35,0.881612397,1211,354,184,0,66,68.0,80.0,0.841093961,1.0,1
130,130,Uk6U9ROn_MU,True,True,False,9.956590909,20,352,187,8,0,45,155,109,0.880731728,1516,618,158,2,83,2.0,1.0,1.0,0.0,3
132,132,JJoyWK58CvY,True,True,False,16.08210526,2,38,27,2,0,4,156,17,0.8667873,382,137,53,0,14,2.0,11.0,0.972114839,0.0,3
133,133,kDF2-ScA5gw,True,True,False,8.794868881,13,264,159,6,0,42,156,65,0.875423296,1146,342,167,0,52,39.0,41.0,0.862293233,8.0,3
134,134,rDoCCS-fBls,True,True,False,9.85400223,26,414,239,9,0,52,156,134,0.879606792,1889,471,303,0,80,9.0,3.0,0.850566361,7.0,3
135,135,JqJaVvLO748,True,True,False,9.806360203,37,687,304,10,0,101,157,31,0.890694768,417,208,75,0,15,53.0,38.0,0.853897848,4.0,1
136,136,DghH1bas9SQ,True,True,False,10.81226476,23,402,231,5,0,54,158,64,0.828692006,1119,380,145,0,59,18.0,44.0,0.981669477,2.0,3
137,137,povArl9xZSg,True,True,False,13.52666667,1,27,23,2,0,2,159,56,0.874214068,857,384,110,0,38,25.0,52.0,0.960341487,5.0,2
138,138,Sev0xmmU6LI,True,True,False,11.44323204,20,362,214,9,0,54,160,48,0.874641502,1130,410,193,0,53,17.0,1.0,0.961948607,5.0,1
140,140,iUK-odLKD-k,True,True,False,18.04,1,13,13,2,0,3,161,32,0.891332687,504,246,43,0,35,20.0,58.0,0.952489654,2.0,1
141,141,CJu37EU9qEk,True,True,False,15.83421053,1,19,16,1,0,0,162,46,0.851021528,940,355,117,0,49,42.0,32.0,0.890770749,5.0,3
142,142,zLbAxztnnfE,True,True,False,19.42818994,21,528,266,5,0,77,163,44,0.815815427,734,336,99,0,34,14.0,12.0,0.857608929,1.0,2
143,143,f6HtqolhKqo,True,True,False,15.34017391,5,115,89,4,0,13,163,42,0.867277032,700,322,90,0,36,26.0,1.0,0.919147514,6.0,1
144,144,e8c5AZFKsJ4,True,True,False,8.395967742,5,62,54,4,0,7,164,8,0.867950817,203,129,27,0,8,45.0,25.0,0.868002877,1.0,2
145,145,EO-tN64_IvY,True,True,False,9.923403119,41,699,321,10,0,99,166,7,0.91283842,104,73,16,0,5,31.0,19.0,0.915287134,0.0,1
146,146,wH6aT1GzY6w,True,True,False,37.97432432,1,74,40,2,0,10,166,16,0.839126363,297,168,45,0,12,21.0,11.0,0.940463851,8.0,1
147,147,dPomv-2PEeo,True,True,False,98.51391361,4,764,200,3,0,182,167,14,0.758019815,156,98,22,0,3,1.0,1.0,0.821144413,0.0,3
148,148,_P7nLJWuvks,True,True,False,24.81227818,3,139,107,3,0,18,168,9,0.856686278,318,154,39,0,21,68.0,22.0,0.875929185,1.0,3
149,149,3R6gfAa2w8w,True,True,False,10.51862069,5,58,50,5,0,7,169,14,0.77088962,165,101,26,0,3,31.0,1.0,0.922770385,3.0,2
150,150,fIsuxH01R90,True,True,False,115.6265022,3,669,219,3,0,116,169,100,0.867312097,1848,592,227,0,98,23.0,3.0,0.917587435,1.0,3
151,151,UTuF58aK5po,True,True,False,6.6525,2,4,4,0,0,0,170,54,0.879117399,851,365,126,0,20,11.0,1.0,0.981126954,1.0,4
152,152,zsVRO4IZoFw,True,True,False,20.26914181,19,674,287,6,0,120,171,8,0.840114595,144,80,21,0,15,22.0,12.0,0.946880098,1.0,3
153,153,mLmKq5bQOg0,True,True,False,10.04992063,28,405,212,8,0,48,174,87,0.820685913,1947,466,250,0,88,3.0,1.0,0.803157842,8.0,1
154,154,ayuVb9-nFVo,True,True,False,22.71961832,8,262,158,6,1,27,176,72,0.836188904,1269,437,168,0,55,16.0,28.0,0.833298607,5.0,1
155,155,dKYxRDO2G_0,True,True,False,5.46520978,57,940,386,20,1,158,176,61,0.822084422,1004,354,188,0,69,42.0,41.0,0.868939529,1.0,3
156,156,1EEJ1Hm66mg,True,True,False,27.14879956,16,454,224,6,0,45,176,16,0.830318683,358,209,62,0,16,33.0,24.0,0.857090006,4.0,1
157,157,VJgnv314808,True,True,False,9.378298611,9,128,83,5,0,22,178,23,0.83844232,443,221,71,0,22,21.0,16.0,0.896351918,2.0,2
158,158,wvMoHXD3agg,True,True,False,10.46023256,2,43,29,1,0,2,178,19,0.894913508,407,205,52,0,23,40.0,30.0,0.886552273,10.0,2
159,159,YICvHsKmjzY,True,True,False,14.44225774,7,143,103,5,0,10,178,77,0.834466987,1144,461,130,2,70,13.0,5.0,0.889718689,5.0,3
160,160,p0VF1FjLt-U,True,True,False,10.475,1,12,11,0,0,1,179,43,0.885967266,802,337,96,0,50,68.0,42.0,0.905076172,6.0,4
162,162,nMoJ7TZN7l8,True,True,False,16.52594232,15,497,263,9,0,78,182,74,0.879519275,1383,529,156,0,61,21.0,4.0,0.936597584,4.0,1
164,164,nJfB32MtqBA,True,True,False,18.07727273,12,198,131,6,0,16,185,18,0.814208734,350,178,40,0,10,14.0,42.0,0.855011748,8.0,1
165,165,wbShOXhO6p8,True,True,False,16.75,1,1,1,0,0,0,185,66,0.849525719,1028,374,121,1,46,23.0,6.0,0.879756279,3.0,2
166,166,IVH_6ciQfZk,True,True,False,14.1407951,19,374,220,6,0,47,191,44,0.825282159,1188,493,157,0,64,22.0,16.0,0.947616864,7.0,1
167,167,a58oCExOxpw,True,True,False,6.789452736,6,67,57,2,0,10,191,196,0.85113406,3979,731,711,0,257,28.0,16.0,0.877276773,2.0,3
168,168,GDlPAQakzo4,True,True,False,17.10455206,14,354,237,9,0,52,191,24,0.862673558,397,191,56,0,27,5.0,3.0,0.998420007,6.0,3
169,169,KReNoBISy3A,True,False,False,0.0,0,0,0,0,0,0,191,5,0.812008,147,102,26,0,9,4.0,4.0,0.977949994,5.0,3
170,170,cmUXo4Crrm0,True,True,False,9.884736842,1,19,19,2,0,4,192,63,0.903159196,860,268,116,0,33,32.0,17.0,0.878562076,2.0,1
171,171,numUKaH34rQ,True,True,False,9.636154721,15,293,182,6,0,51,193,9,0.865425472,280,163,43,0,19,6.0,5.0,0.99560583,5.0,3
173,173,pD7YdUdEHdw,True,True,False,5.05,1,9,9,1,0,4,195,91,0.856225338,1410,474,220,0,65,21.0,1.0,0.971621985,5.0,2
174,174,HGuGIM54pK4,True,True,False,8.437205398,31,490,241,5,0,65,196,76,0.849737914,1933,675,261,1,103,24.0,2.0,0.907671227,5.0,3
175,175,EAuf42kd8Aw,True,True,False,11.96208621,8,145,109,3,0,20,199,57,0.88059605,970,403,122,0,48,49.0,54.0,0.894321528,7.0,3
176,176,hfLn2N8KepM,True,True,False,9.503414898,27,445,266,7,0,68,199,71,0.867038796,1201,411,119,0,61,24.0,2.0,0.886392912,13.0,2
177,177,52sEiZzYP0I,True,True,False,7.9932,2,25,25,1,0,4,200,50,0.8023582,1350,458,213,0,73,83.0,22.0,0.872329956,8.0,3
178,178,8dgoeYPoE-0,True,True,False,14.56156863,3,68,57,2,0,7,201,77,0.793014372,640,251,101,0,12,50.0,389.0,0.854233301,0.0,1
179,179,nmWtsPzd-GQ,True,True,False,12.83316327,5,98,65,3,0,19,201,89,0.863871444,1379,385,251,0,66,8.0,1.0,0.830581141,4.0,1
180,180,nSuBzZR6llY,True,True,False,15.01075556,27,675,333,15,0,91,204,74,0.847806547,1168,358,193,0,45,24.0,9.0,0.924894349,0.0,1
181,181,xlxVZhjfo6s,True,True,False,16.95452555,5,137,94,3,0,23,206,41,0.849287566,1155,423,190,0,55,30.0,71.0,0.924196403,1.0,3
182,182,Lv4r-P6H7bU,True,True,False,13.44470266,21,643,256,15,0,117,208,20,0.83552736,280,165,49,0,12,22.0,12.0,0.864811571,2.0,1
183,183,AssXudMGZ8A,True,True,False,15.54594767,14,404,239,12,0,52,208,216,0.823542752,2704,769,467,1,140,74.0,240.0,0.903764285,0.0,1
184,184,OMn8Tq5Eyao,True,True,False,13.02371429,5,105,80,2,0,11,208,101,0.843205542,1976,647,238,1,96,16.0,4.0,0.829766213,1.0,1
185,185,tTM1oaEWoEc,True,True,False,8.084795918,12,147,104,2,0,17,209,121,0.844043288,1864,571,238,0,90,14.0,32.0,0.867540905,1.0,2
186,186,a4gT5s-SXSc,True,True,False,14.10797872,4,47,38,3,0,4,210,90,0.818943715,1078,543,121,0,42,29.0,35.0,0.924768788,8.0,2
187,187,YtrM9STzEjo,True,True,False,12.78895873,34,744,303,4,0,121,210,17,0.84950975,452,236,80,0,34,49.0,26.0,0.826904205,1.0,3
188,188,IMPzAdVOhKY,True,True,False,9.375416667,3,40,35,2,0,4,210,16,0.825684874,600,285,79,0,37,33.0,12.0,0.944843285,5.0,3
189,189,t32eoUB42rw,True,True,False,11.66703463,21,374,242,8,0,46,211,32,0.781964145,549,277,51,0,32,27.0,31.0,0.920031381,3.0,1
190,190,KJDNHjJgbD8,True,True,False,10.99413793,4,58,32,4,0,8,212,160,0.861813539,4654,892,705,1,246,29.0,133.0,0.861518428,2.0,1
191,191,_1uqL32ASRE,True,True,False,4.937882852,38,310,161,6,0,37,214,51,0.84748891,967,367,144,0,50,33.0,157.0,0.906541066,5.0,1
192,192,_JfEDVR5er0,True,True,False,10.84694316,24,434,231,12,0,70,214,66,0.843323211,1035,401,150,0,44,29.0,29.0,0.87853143,5.0,1
193,193,RQCq-FzeYgA,True,True,False,7.599289002,43,576,291,9,0,89,217,25,0.857711281,431,228,60,0,25,36.0,2.0,0.874305764,0.0,1
194,194,fUkKK1BvPvg,True,True,False,11.003125,1,16,16,1,0,2,219,197,0.852762636,2939,649,544,0,152,55.0,76.0,0.874783475,0.0,3
195,195,S09YWIykt2Y,True,True,False,13.5826233,30,784,337,14,0,134,220,33,0.846351158,581,274,83,1,28,26.0,46.0,0.894273777,3.0,1
196,196,sRxqRU6CCJA,True,True,False,12.17830469,29,598,267,18,0,81,222,107,0.835755161,1551,583,230,0,87,101.0,91.0,0.857403082,0.0,1
197,197,_9hPFlSnnNk,True,True,False,7.655357143,7,72,59,3,0,9,223,81,0.812807215,2217,539,392,0,117,45.0,5.0,0.899132873,0.0,2
198,198,XK0r8kINlTw,True,True,False,15.29999654,26,667,296,5,0,119,225,43,0.857119486,550,251,67,0,30,15.0,10.0,0.962002833,0.0,3
199,199,i90i0YXq5aA,True,True,False,12.11153846,2,39,29,3,0,3,225,78,0.852934209,1153,461,110,0,33,1.0,1.0,0.956991541,5.0,1
200,200,9mp8YkNqbBE,True,True,False,4.350094502,30,388,196,8,0,79,225,56,0.837968936,1103,359,201,1,66,25.0,12.0,0.905200895,3.0,3
201,201,XfyGv-xwjlI,True,True,False,11.54103784,29,514,255,12,0,61,226,100,0.88693389,1638,474,265,0,85,62.0,63.0,0.922870082,1.0,1
202,202,qvhHhDNjtxM,True,True,False,12.5448913,4,92,75,3,0,11,226,40,0.768167594,264,160,19,0,10,8.0,9.0,0.882557006,0.0,3
203,203,9A3gDnv56bs,True,True,False,18.87895729,22,728,341,7,0,107,228,13,0.877765477,452,242,66,0,24,32.0,27.0,0.899400442,5.0,3
204,204,Pdec8clsV7Q,True,True,False,18.15410334,7,188,119,2,0,20,228,48,0.883383369,686,265,94,0,24,5.0,4.0,0.973657367,5.0,1
205,205,B6jI_B8ExIs,True,True,False,6.618180712,19,173,144,3,0,18,228,19,0.883227701,630,291,72,0,41,20.0,17.0,0.939978918,8.0,1
206,206,qG3OyONVbEQ,True,True,False,10.50944444,3,54,47,2,0,8,232,58,0.848529289,970,425,130,0,40,34.0,64.0,0.932711827,3.0,1
207,207,MMwdz1kLsFU,True,True,False,11.13777778,4,54,50,2,0,7,232,37,0.84267419,904,415,102,0,52,4.0,1.0,0.924206677,10.0,1
209,209,VLOKMjHEyhY,True,True,False,15.04125786,6,106,86,4,0,10,235,9,0.815771718,366,184,47,0,29,41.0,8.0,0.904484431,4.0,1
210,210,St9r4pc2QmE,True,True,False,13.26272727,3,66,56,4,0,13,237,197,0.837547983,4764,965,842,0,296,59.0,182.0,0.870352107,2.0,1
211,211,32F2hQTncQ0,True,True,False,10.06360704,22,403,198,11,0,60,237,15,0.816507358,402,184,61,0,21,10.0,2.0,0.938164923,8.0,1
212,212,9ccIlIId_R0,True,True,False,14.28554348,4,92,75,3,0,10,238,21,0.81555699,279,141,50,0,16,22.0,30.0,0.890800833,5.0,3
213,213,9IaRuSxJO-8,True,True,False,9.788438735,22,414,228,6,0,65,238,92,0.845111539,1331,366,210,0,52,14.0,54.0,0.883495597,2.0,1
214,214,w7Nq9uQJOXE,True,True,False,12.51090909,2,33,29,2,0,4,239,42,0.868106913,747,401,82,0,39,25.0,40.0,0.930866147,5.0,1
215,215,UtLtPgYc0mk,True,True,False,10.25327869,15,183,132,3,0,16,240,70,0.876620822,1130,462,142,0,49,42.0,23.0,0.868361848,1.0,1
216,216,JkgXZ5EPwDA,True,True,False,8.984285714,1,7,7,1,0,1,243,10,0.836692117,374,198,44,0,28,25.0,14.0,0.871951991,0.0,2
217,217,hhWGKAcHbO8,True,True,False,10.81707503,21,344,209,8,0,39,243,29,0.809992113,826,314,106,1,52,14.0,1.0,0.935863074,3.0,1
218,218,froHNJMELT0,True,True,False,4.849166667,3,36,32,3,0,7,244,59,0.801574579,2202,703,326,0,187,51.0,73.0,0.904752646,10.0,1
219,219,eawWLRnX_gc,True,True,False,20.33631579,4,114,79,2,0,11,247,4,0.803315495,272,137,50,0,14,35.0,18.0,0.82428395,9.0,1
220,220,J1TorkgpgY0,True,True,False,9.122806583,32,581,259,8,0,98,247,35,0.845247049,835,378,121,1,37,18.0,1.0,0.920008042,5.0,1
221,221,hv0bBW_Ah0Y,True,True,False,10.4975,5,72,63,3,0,9,247,110,0.84235965,1415,453,260,0,57,65.0,140.0,0.893103166,0.0,1
222,222,gGeLxjgUNG4,True,True,False,14.19458333,4,72,65,3,0,11,247,27,0.878255025,775,294,113,1,32,35.0,26.0,0.925490353,6.0,1
223,223,vhF1aEOaIzw,True,True,False,12.74347265,17,342,195,8,0,44,247,12,0.900363965,243,106,34,0,8,15.0,3.0,0.850674478,3.0,1
224,224,Ows34T0UjsM,True,True,False,8.116666667,10,99,79,1,0,16,248,141,0.850064008,1901,606,293,0,98,66.0,78.0,0.892049793,1.0,1
225,225,HRTKfRXwBTg,True,True,False,26.87835852,13,448,232,6,0,55,249,26,0.846200712,649,293,108,0,31,13.0,1.0,0.985357803,6.0,1
226,226,X_e8bXcS1BA,True,True,False,13.67372146,12,292,174,2,0,32,252,57,0.869096602,1083,439,123,0,55,9.0,6.0,0.941372416,13.0,1
227,227,qYBou4o9vNI,True,True,False,9.288333333,1,18,15,1,0,0,253,87,0.817132023,1305,458,187,0,79,32.0,47.0,0.889217813,4.0,1
228,228,JMknA_CCnW4,True,True,False,6.584358974,32,468,193,13,0,66,259,148,0.848393804,2949,527,522,1,175,10.0,11.0,0.955250819,6.0,1
229,229,Gfr364SyQcg,True,True,False,11.93129717,20,424,226,8,0,73,262,25,0.883925842,617,248,82,0,21,39.0,7.0,0.929066522,7.0,3
230,230,910K7B_1b6I,True,True,False,11.82462585,3,49,46,3,0,4,262,127,0.861089397,2059,598,313,0,97,44.0,76.0,0.938859287,9.0,1
231,231,Aoy3ZCZwbeo,True,True,False,12.17142857,22,462,235,10,0,79,262,44,0.849280104,741,370,85,0,41,46.0,63.0,0.918922912,1.0,1
232,232,MsGmoVknaZQ,True,True,False,14.03953125,5,64,57,2,0,8,263,100,0.862123469,2134,521,413,0,124,31.0,119.0,0.920774146,0.0,2
233,233,bbqOggZHtaM,True,True,False,12.9214365,22,393,216,11,0,55,263,75,0.863562527,1127,423,120,0,51,9.0,1.0,0.95570656,9.0,1
234,234,hkrK-vg7KD4,True,True,False,20.01021725,17,463,264,8,0,51,263,110,0.88496275,1539,524,234,0,66,81.0,82.0,0.878909146,0.0,1
235,235,mjnseqLiVXM,True,True,False,11.00319564,22,526,240,12,0,78,266,13,0.869331319,240,117,20,0,9,16.0,1.0,0.961873088,5.0,3
236,236,TJ7EagZKN5w,True,True,False,7.649457259,50,737,375,11,0,122,266,74,0.815834629,2015,719,317,1,124,54.0,58.0,0.909578471,2.0,1
237,237,jwD7bJrYH6U,True,True,False,8.462252137,49,733,349,17,0,120,266,53,0.831998079,1069,367,164,0,70,4.0,7.0,0.976483086,5.0,1
238,238,imZwSsB6eGo,True,True,False,22.59345123,18,688,308,8,0,85,267,21,0.854830201,578,246,85,0,29,68.0,7.0,0.840143949,12.0,1
239,239,ayd0yO-yNZ4,True,True,False,12.28247071,15,313,174,10,0,26,267,70,0.779487848,674,252,130,0,30,44.0,4.0,0.826383471,5.0,1
240,240,1WrdzNJ4A44,True,True,False,10.73466165,7,133,89,3,0,13,268,12,0.868178905,181,110,24,0,9,34.0,10.0,0.822137925,8.0,2
241,241,L77b57erQ4M,True,True,False,13.84838289,7,197,139,5,0,23,272,76,0.852422933,1574,392,248,2,76,24.0,27.0,0.953293192,2.0,3
242,242,Ab9OZsDECZw,True,True,False,10.4364,5,75,58,2,0,7,272,54,0.840751857,616,297,97,0,30,30.0,36.0,0.819062252,7.0,1
243,243,geO2L3fzF5g,True,True,False,27.788125,1,48,39,2,0,2,272,140,0.856926025,2177,621,326,0,90,66.0,101.0,0.904589429,12.0,1
244,244,QSXWXPWUWEc,True,True,False,6.241361761,50,727,290,16,0,134,273,157,0.812402018,2779,607,507,0,128,19.0,2.0,0.750537769,1.0,1
245,245,596LMJTJFsk,True,True,False,10.8675,1,12,12,0,0,0,273,37,0.761526281,502,309,52,0,14,32.0,5.0,0.789890784,6.0,2
246,246,F8UGIKR3okA,True,True,False,10.83172414,6,87,60,3,0,11,275,136,0.853493597,1910,741,252,0,86,67.0,13.0,0.828323771,1.0,2
247,247,Op8K7yresDs,True,True,False,11.72876033,5,121,77,3,0,15,276,70,0.860088514,1147,471,172,0,49,9.0,4.0,0.900461445,9.0,1
248,248,dpNpHXB52ak,True,True,False,13.28443609,7,133,96,4,0,13,278,87,0.850193435,1589,488,203,0,76,2.0,25.0,0.997585186,2.0,2
249,249,xchGJ4UxCPE,True,True,False,8.560024899,27,476,236,7,0,89,279,157,0.835377686,2342,501,414,0,100,20.0,1.0,0.7769296,3.0,1
250,250,eOhz3cGmlaw,True,True,False,13.56328114,13,226,154,4,0,28,282,42,0.848980865,573,210,106,0,23,49.0,49.0,0.908354881,0.0,1
251,251,FkkK5lTmBYQ,True,True,False,10.4992,5,75,61,3,0,10,283,27,0.911115017,507,230,90,0,35,14.0,31.0,0.801366725,10.0,1
252,252,nTyL81Ls3ys,True,True,False,11.05213302,37,612,257,11,0,96,283,70,0.746372028,741,368,80,0,25,32.0,5.0,0.799837768,5.0,2
253,253,74s6eiBBBFU,True,True,False,14.87263954,23,578,316,7,0,54,284,136,0.854471036,1929,488,293,0,103,56.0,5.0,0.825723521,11.0,1
254,254,_KndwmMEwXA,True,True,False,13.63179612,10,206,117,9,0,28,287,106,0.864097441,1464,320,265,0,90,32.0,2.0,0.790179951,3.0,2
255,255,e_oUWPdb9xM,True,True,False,11.68105014,27,492,260,9,0,66,287,55,0.906095804,799,280,92,0,33,31.0,23.0,0.908266237,3.0,1
256,256,LvaVsnHbIbI,True,True,False,18.84743537,15,490,278,4,0,44,287,33,0.876255441,902,334,119,0,63,17.0,11.0,0.886898189,8.0,1
257,257,ISn43u0BiEo,True,True,False,12.05071429,7,172,112,5,0,25,288,79,0.823987481,1539,359,283,0,90,6.0,10.0,0.868509431,1.0,1
258,258,AoHvkrcr6EM,True,True,False,15.64635135,25,444,255,8,0,50,288,34,0.855662906,637,228,129,0,35,57.0,29.0,0.846872458,0.0,1
260,260,WYa2xthIbDc,True,True,False,18.08670866,23,642,303,7,0,90,291,50,0.867052584,1254,471,207,1,62,12.0,41.0,0.810733391,10.0,1
261,261,9iMGFqMmUFs,True,True,False,11.76669231,4,65,53,2,0,8,292,108,0.854700518,1773,535,255,1,76,51.0,143.0,0.790277513,0.0,1
262,262,7-cGz2eLyb4,True,True,False,7.940591065,30,485,221,7,0,64,294,77,0.860507015,996,413,149,0,39,27.0,23.0,0.909114513,4.0,1
265,265,BFUis11qaQU,True,True,False,8.245763393,63,821,411,8,0,132,296,149,0.828694032,2218,484,366,0,107,5.0,1.0,0.844335341,5.0,1
266,266,8nEmsR68FhA,True,True,False,11.93391804,23,522,257,13,0,79,297,96,0.822660474,2255,555,370,0,111,13.0,81.0,0.984753787,7.0,3
267,267,341CnFGQwH4,True,True,False,11.49353372,22,496,280,11,0,81,297,57,0.871907042,969,346,135,0,49,20.0,15.0,0.935518156,6.0,1
268,268,1p1cMFscF8s,True,True,False,14.76121212,33,558,313,11,0,56,299,19,0.888343002,472,205,85,0,24,5.0,7.0,0.802909723,3.0,1
269,269,z_3S2_41_FE,True,True,False,9.570185185,12,243,158,3,0,30,300,15,0.811242507,271,142,40,0,18,12.0,12.0,0.974895688,4.0,1
270,270,53WxEvd7-_w,True,True,False,20.24649813,11,365,180,5,0,49,301,87,0.870432446,1635,616,198,1,87,18.0,5.0,0.934259182,6.0,1
271,271,iGK0rHkOoVA,True,True,False,48.54403226,2,186,113,5,0,10,306,42,0.816314594,630,280,90,0,30,46.0,11.0,0.831280254,10.0,3
272,272,s3wUYhJmdbA,True,True,False,12.96265766,20,333,213,6,0,45,307,57,0.877360106,1082,418,140,1,64,14.0,10.0,0.929026456,10.0,3
273,273,-32U9eU1hdM,True,True,False,14.52010077,31,557,298,10,0,59,310,28,0.884618374,669,315,81,0,30,16.0,2.0,0.871220446,12.0,1
274,274,RV_lBWGgK1o,True,True,False,15.3591642,19,568,267,17,0,95,310,132,0.825238389,2315,545,373,0,97,15.0,40.0,0.822311079,3.0,1
275,275,Oyy-3yAwcvo,True,True,False,8.786666667,3,40,34,2,0,5,311,28,0.833960924,869,359,98,1,35,74.0,5.0,0.860541956,0.0,3
276,276,BF7N0LPdItk,True,True,False,18.67571429,1,21,18,2,0,3,312,46,0.827572666,741,295,118,0,33,15.0,1.0,0.886654781,7.0,1
278,278,L-a-dKhuYj8,True,True,False,15.23260316,13,302,196,10,0,37,314,27,0.815025968,474,224,68,0,27,43.0,1.0,0.84063268,2.0,3
280,280,fRZduVxlP_U,True,True,False,28.58714602,8,339,189,6,0,39,315,98,0.854590522,1346,373,247,0,70,11.0,1.0,0.824479427,7.0,1
281,281,qFFPcIcAUUs,True,True,False,15.72016129,8,186,123,3,0,20,315,22,0.859413187,289,144,48,0,13,15.0,17.0,0.885392283,5.0,3
282,282,Bkji1VNnolA,True,True,False,10.81351064,4,94,72,3,0,10,317,22,0.871796524,770,294,113,1,33,33.0,9.0,0.930523085,6.0,1
283,283,wbWL2wfvsM8,True,True,False,16.88265225,14,251,158,8,0,23,317,124,0.848277998,1682,557,230,1,74,15.0,18.0,0.938901033,2.0,1
284,284,It6Eblem5Zg,True,True,False,13.89811608,19,321,189,6,0,41,317,62,0.876708847,1882,466,299,1,111,3.0,3.0,0.859363787,6.0,2
285,285,uia5mqvTeh4,True,True,False,8.986296296,6,81,72,3,0,14,317,73,0.879286382,1648,433,194,3,76,3.0,2.0,0.900397523,2.0,4
286,286,MdXWF-vvQMc,True,True,False,22.33095238,1,63,34,0,0,0,317,113,0.839470351,2042,582,237,0,104,17.0,10.0,0.953802621,6.0,4
287,287,afYCN3Upy_w,True,True,False,16.75,1,1,1,0,0,0,318,38,0.845740444,530,237,98,0,27,36.0,29.0,0.880872491,3.0,1
288,288,VXFRWFHx6tA,True,True,False,11.45233434,16,249,181,4,0,31,318,29,0.855200233,764,327,122,0,37,31.0,34.0,0.904693435,3.0,1
289,289,2YVVfWIoHkw,True,True,False,11.92852008,25,473,234,11,0,66,321,68,0.851406291,1952,583,305,1,110,3.0,3.0,0.935947072,1.0,1
290,290,MFmjLloYN7A,True,True,False,15.98404315,20,533,294,5,0,46,322,12,0.857796825,328,169,54,0,18,6.0,6.0,0.85790213,4.0,1
291,291,InH8t0UNs4k,True,True,False,11.09445011,27,588,314,7,0,76,324,16,0.878138629,343,189,37,0,25,24.0,68.0,0.955183799,0.0,4
292,292,W_evi9lanBY,True,False,False,0.0,0,0,0,0,0,0,325,28,0.851390484,802,371,88,0,41,19.0,13.0,0.93777469,5.0,1
293,293,Mj0T_byeKtQ,True,True,False,7.172723577,6,82,59,7,0,14,326,46,0.860824238,973,311,181,0,55,5.0,2.0,0.786812291,7.0,1
294,294,orqdxsg-Dr4,True,True,False,22.56644849,13,389,204,7,0,52,326,19,0.853649933,276,146,25,0,10,12.0,10.0,0.854605384,4.0,4
295,295,mRVZ9lkubag,True,True,False,17.60573427,5,143,107,3,0,19,328,82,0.862206059,1538,431,185,0,56,9.0,25.0,0.952373958,2.0,3
296,296,HOwqo56BKQU,True,True,False,10.79833159,26,515,258,11,0,83,329,59,0.862748093,1268,346,140,0,55,11.0,11.0,0.90745603,4.0,1
298,298,tpPGevlDwWQ,True,True,False,31.9899298,7,407,197,3,0,52,331,32,0.824327326,606,202,111,0,47,40.0,74.0,0.931363831,0.0,3
299,299,8ZujKJYrEJY,True,True,False,7.501891296,45,554,260,3,0,30,334,120,0.849926828,2106,493,300,4,82,4.0,3.0,0.827114427,5.0,1
300,300,cW1V2_GTAlc,True,True,False,14.45576923,3,78,57,2,0,7,339,27,0.88794774,357,162,38,0,19,20.0,2.0,0.92015043,7.0,3
301,301,T9wPrmfQ0vw,True,True,False,14.99849963,23,712,290,18,0,117,340,22,0.871519529,800,332,141,0,62,9.0,5.0,0.851038123,10.0,4
302,302,xJBqbv8GRZ4,True,True,False,9.906162587,13,176,129,3,0,17,341,70,0.869682371,1116,247,182,0,43,2.0,1.0,0.832525109,7.0,3
303,303,wjIp17OaN_k,True,True,False,7.844666667,3,40,33,2,0,5,344,41,0.849641636,490,180,95,0,17,14.0,1.0,0.771842018,0.0,3
304,304,BzP4b1b-RPs,True,True,False,14.416125,8,160,117,3,0,28,345,24,0.861664533,793,353,129,0,37,28.0,18.0,0.986639975,9.0,1
305,305,ux-A-WUMTjY,True,True,False,18.79690265,5,113,83,3,0,6,345,107,0.843645611,2183,531,266,1,121,7.0,2.0,0.872878529,11.0,4
307,307,bBZXkNbpOGQ,True,True,False,13.19413462,8,104,82,2,0,14,350,15,0.878634327,299,142,32,0,23,6.0,1.0,0.978046245,2.0,1
308,308,RudR2_VVoaw,True,True,False,13.04903125,20,320,217,5,0,35,351,169,0.842550454,4408,1038,650,0,264,29.0,26.0,0.97678656,0.0,1
309,309,wch09JVlXKg,True,True,False,13.00407389,17,363,236,7,0,28,356,38,0.892444322,542,265,72,0,34,32.0,13.0,0.975285676,1.0,4
310,310,jDYm0i5zT68,True,True,False,10.38606338,21,281,173,4,0,38,356,58,0.890184474,1588,447,209,0,112,4.0,2.0,0.865765122,6.0,4
313,313,S-3nfpc_GiQ,True,True,False,9.147751967,45,904,364,15,0,162,359,19,0.891363178,331,169,53,0,13,4.0,6.0,0.824562449,6.0,1
314,314,aC0_yOlfY4U,True,True,False,10.0534578,19,265,177,6,1,32,360,58,0.833010855,943,324,122,0,41,12.0,6.0,0.849486058,11.0,3
315,315,5SZCajunA-0,True,True,False,10.78714795,41,760,307,13,0,87,362,3,0.784244977,168,96,18,0,6,4.0,5.0,0.93579783,6.0,4
316,316,KWBjfoioS20,True,True,False,8.696756757,2,37,32,1,0,0,362,35,0.716911678,206,122,38,0,9,64.0,172.0,0.862898954,0.0,4
317,317,weZZT8U9NGQ,True,True,False,12.68254902,9,153,116,2,0,18,366,56,0.889422284,942,352,152,0,47,57.0,47.0,0.893766063,0.0,4
318,318,US5aP7qT36M,True,True,False,8.523365385,39,576,328,14,0,81,368,54,0.849459594,853,317,131,0,56,9.0,3.0,0.953736358,6.0,1
319,319,zD9aXZY0pdY,True,True,False,11.02658397,16,262,181,4,0,30,368,40,0.850012817,856,353,105,0,43,21.0,27.0,0.960022332,0.0,1
320,320,MOH33-jFOwo,True,True,False,15.1852,1,25,24,2,0,3,369,22,0.841930751,632,227,126,0,48,11.0,101.0,0.960624312,5.0,1
321,321,2KnD9MzCzsM,True,True,False,8.739809064,47,692,292,8,0,97,371,11,0.837321787,287,76,41,0,10,39.0,47.0,0.866440756,3.0,1
322,322,LuJd0z1JAU4,True,True,False,11.23534884,10,129,94,4,0,13,371,95,0.872151871,1676,561,205,2,73,14.0,10.0,0.920943215,7.0,4
323,323,_cu7Xt4wb1M,True,True,False,17.83,1,22,22,1,0,2,373,110,0.842403004,1916,612,230,0,79,15.0,20.0,0.91819766,1.0,4
325,325,rTbIazck7rk,True,True,False,12.80783333,16,270,194,7,0,33,374,23,0.877421846,670,296,103,0,43,23.0,20.0,0.874131861,2.0,1
326,326,UDuGJHbAIbE,True,True,False,29.73948276,1,58,44,1,0,3,376,17,0.85949045,418,227,73,0,26,46.0,21.0,0.95680954,5.0,3
327,327,KiouveG278Y,True,True,False,18.72970696,14,234,154,7,0,20,376,139,0.817646346,2240,706,294,1,135,30.0,79.0,0.948147754,3.0,2
328,328,r8avZUjw_zI,True,True,False,15.36810296,23,614,236,6,0,76,378,53,0.865248323,645,262,87,0,30,40.0,24.0,0.838702457,0.0,1
329,329,vzA7Dj1pCOg,True,True,False,13.26798319,5,119,83,6,0,13,380,8,0.862270573,183,109,23,0,9,24.0,12.0,0.940459609,2.0,1
330,330,Vujm4opryN8,True,True,False,4.312137584,69,746,380,9,0,110,381,43,0.864782355,837,326,87,0,37,16.0,7.0,0.94887283,8.0,3
331,331,J97G6BeYW0I,True,True,False,18.21964286,14,220,146,6,0,19,381,27,0.853149755,786,337,105,0,44,25.0,22.0,0.940084005,4.0,1
332,332,LerY4Y1gz5E,True,True,False,13.14497794,36,806,305,16,0,108,382,127,0.855454937,3168,743,503,0,183,29.0,34.0,0.86492262,10.0,1
333,333,k_wNE4erBLU,True,True,False,9.181637931,8,87,73,1,0,6,384,27,0.82555808,940,335,156,0,69,8.0,18.0,0.923331463,8.0,1
334,334,kuR_Lwcp67U,True,True,False,10.18936884,32,609,247,10,0,67,386,147,0.772255506,1358,646,164,0,41,68.0,20.0,0.834785659,5.0,1
335,335,t0JF2Gbv1XQ,True,True,False,13.09746877,9,169,112,4,0,30,389,18,0.912412943,261,137,36,0,10,23.0,3.0,0.849988167,1.0,3
337,337,IpPHCLrEmSI,True,True,False,18.52844203,3,92,76,2,0,5,394,14,0.839565816,310,171,25,0,19,14.0,12.0,0.944971066,4.0,4
338,338,tbMzKylq9Bc,True,True,False,17.33,2,42,37,2,0,1,395,58,0.805040284,868,387,121,0,34,38.0,42.0,0.908322921,1.0,4
339,339,PUQFQVm96YM,True,True,False,9.48997921,13,185,135,4,0,27,397,98,0.86074117,1640,514,188,6,69,13.0,11.0,0.919625494,4.0,1
340,340,xdVJkkCquHs,True,True,False,9.599170732,41,785,382,14,0,150,398,6,0.898289463,117,75,24,0,8,20.0,11.0,0.891954942,0.0,4
341,341,5I-Wr_s00aU,True,True,False,14.59275,2,40,34,2,0,7,401,25,0.845628378,286,148,46,0,14,30.0,4.0,0.919093087,8.0,1
342,342,3jSCSq9bKwI,True,True,False,13.48821429,5,112,82,2,0,11,402,46,0.880719772,814,310,116,0,43,11.0,1.0,0.939211981,6.0,4
343,343,n4hTBVFyyKs,True,True,False,17.77934006,16,483,280,4,0,40,404,114,0.833151791,1972,652,257,2,102,18.0,15.0,0.882756048,6.0,1
344,344,8gAO1wfdHnc,True,True,False,10.94929526,22,476,243,5,0,63,406,12,0.886794033,182,100,36,0,9,3.0,1.0,0.962701803,1.0,3
345,345,XFxMOiJRZQg,True,True,False,9.219961575,30,347,249,4,0,30,409,45,0.875248236,678,293,104,0,32,60.0,101.0,0.905050136,7.0,1
346,346,xNf--q0YMq8,True,True,False,18.48166667,12,198,131,6,0,16,410,75,0.837810469,1353,459,241,1,78,18.0,22.0,0.915432249,2.0,1
347,347,diG519dFVNs,True,True,False,14.30408046,6,116,80,3,0,9,410,36,0.893715121,524,232,81,0,26,23.0,26.0,0.843150866,4.0,1
348,348,6HJfr00CIqM,True,True,False,10.81388393,42,672,311,13,1,80,411,54,0.879603788,1316,455,221,0,86,18.0,1.0,0.95877668,5.0,1
349,349,XOZ-Yco3Ykw,True,True,False,18.13586207,3,87,69,3,0,5,411,19,0.885064804,290,150,24,0,14,9.0,19.0,0.845140251,8.0,3
351,351,D8K8MkKHJoc,True,True,False,11.84806902,36,681,346,10,0,96,415,87,0.838559484,1587,492,222,0,98,4.0,12.0,0.940395534,5.0,4
352,352,gQBkfKUxh_E,True,True,False,9.239317376,48,752,365,16,0,111,419,32,0.851700815,629,307,107,0,25,48.0,48.0,0.867209164,1.0,1
354,354,hFMF3lJUcAc,True,True,False,13.35526316,1,19,19,2,0,3,432,70,0.83900381,676,243,139,0,22,59.0,53.0,0.89121675,1.0,1
355,355,oiAO69i7fHc,True,True,False,7.650130383,53,903,371,11,0,151,433,37,0.840460985,467,182,102,0,48,48.0,66.0,0.911803625,3.0,1
356,356,Yl3z1ql_RXc,True,True,False,11.49857143,2,42,38,3,0,5,433,14,0.844938103,216,131,31,0,7,5.0,5.0,0.976518939,9.0,3
357,357,f0D1DePVVdo,True,True,False,8.185266765,48,845,329,6,0,117,435,58,0.844808228,850,284,122,0,40,7.0,7.0,0.965310011,5.0,2
358,358,RBl-lMHlDu0,True,False,False,0.0,0,0,0,0,0,0,440,46,0.823127705,813,304,124,0,48,15.0,72.0,0.983436259,0.0,1
359,359,5RXRr8PKunk,True,True,False,12.74853982,20,339,217,7,0,42,441,7,0.771635625,223,145,31,0,6,16.0,19.0,0.928128716,9.0,1
360,360,Y4MLtncnx-8,True,True,False,11.77805407,40,749,386,13,0,94,443,76,0.876117201,2345,730,281,2,165,1.0,1.0,1.0,3.0,4
361,361,rPLjSY00JlE,True,True,False,9.294,1,20,19,2,0,1,444,49,0.846032058,857,374,138,0,44,65.0,87.0,0.854682,1.0,1
362,362,rfepM3L7Pqc,True,True,False,16.94802838,13,206,136,6,0,17,446,50,0.841386381,830,273,173,0,29,24.0,1.0,0.96440372,3.0,1
363,363,hep2KRYD2j0,True,True,False,11.75254098,4,61,46,3,0,5,448,20,0.880063896,617,279,92,1,31,62.0,19.0,0.9495423,2.0,4
364,364,jnfH_Napq9c,True,True,False,13.52142045,8,176,123,3,0,16,449,60,0.856514311,1163,441,110,0,62,59.0,25.0,0.951363122,1.0,4
365,365,NDnC0-rw7KA,True,True,False,10.45938725,15,272,158,8,0,45,450,66,0.818465894,1237,325,190,0,48,9.0,1.0,0.873777972,10.0,4
366,366,aJ4s-IiKM5Q,True,True,False,15.7504,3,75,61,2,0,10,452,7,0.86899054,405,185,64,0,35,27.0,2.0,0.914758794,11.0,4
367,367,afH4-_xFVmY,True,True,False,9.648209059,14,205,147,4,0,28,457,25,0.859152096,513,215,40,0,24,1.0,1.0,0.852296568,14.0,1
369,369,LtdWg4ygm_E,True,True,False,9.467313997,13,183,136,4,0,27,457,164,0.86452087,3046,853,553,0,176,33.0,71.0,0.843791983,0.0,1
370,370,LhXyJCa_b-k,True,True,False,20.16664459,14,496,282,4,0,42,458,30,0.810556618,529,266,73,0,38,18.0,16.0,0.849832905,6.0,1
371,371,pgUZsOGOlfk,True,True,False,13.41870098,6,136,85,3,0,9,458,77,0.841543347,1039,322,195,1,45,19.0,27.0,0.913780277,2.0,3
372,372,Zpb2VHgjCQs,True,True,False,12.30200942,34,887,371,14,0,101,465,137,0.835055783,2793,508,498,0,140,5.0,1.0,0.870793231,10.0,1
373,373,Ptmlvtei8hw,True,True,False,16.27589972,19,444,250,8,0,52,470,7,0.82168361,261,139,24,0,18,5.0,2.0,0.982715442,6.0,1
374,374,PT5cFR296-w,True,True,False,4.978687625,24,167,82,4,0,15,470,33,0.82480167,351,166,58,0,10,2.0,4.0,0.905407608,5.0,1
375,375,N-X53P6RSUw,True,True,False,11.70733784,40,740,347,13,0,101,472,28,0.868629983,724,273,114,0,45,56.0,8.0,0.846356923,3.0,2
376,376,fqxcZK8hXYQ,True,True,False,16.98108289,8,187,126,4,0,26,477,35,0.874260903,340,164,51,0,14,27.0,20.0,0.873525165,2.0,4
377,377,aLWlxC51YFE,True,True,False,10.73921671,50,766,334,10,0,109,478,151,0.856078579,3079,523,567,0,195,4.0,8.0,0.866100533,4.0,3
378,378,fihS3YUlolY,True,True,False,14.31788875,7,113,90,6,0,14,482,25,0.831398784,397,169,40,0,15,32.0,45.0,0.903207227,8.0,4
379,379,PwH4oEz94qE,True,True,False,13.25610526,5,95,65,4,0,11,486,55,0.886606867,1009,411,122,2,44,21.0,4.0,0.943533591,4.0,1
381,381,lSs1XdHx_8M,True,True,False,13.87772093,10,215,130,5,0,33,489,111,0.820467819,2345,745,347,1,150,45.0,67.0,0.95732804,1.0,1
382,382,gP4u3F61Mlc,True,True,False,12.79061404,18,342,174,8,0,41,492,58,0.838781247,1549,512,224,0,94,16.0,25.0,0.96600792,11.0,1
383,383,XX1ps4WHAtg,True,True,False,6.290116279,4,43,36,2,0,5,492,192,0.843931872,2517,610,422,0,89,15.0,31.0,0.82943508,3.0,1
384,384,KxQTLP2KeaE,True,True,False,8.842256483,49,687,240,12,0,99,492,17,0.892969318,474,241,74,0,31,54.0,36.0,0.81308523,0.0,1
385,385,z0Pt-x8eKkM,True,True,False,9.6502942,37,576,212,12,0,77,492,16,0.875303477,298,161,53,0,12,28.0,12.0,0.974593306,5.0,1
386,386,rhmAyFY6dhU,True,True,False,15.46185984,7,159,109,4,0,15,494,70,0.873511983,737,270,101,0,22,25.0,34.0,0.877525715,5.0,3
387,387,AzUj-UTvZDk,True,True,False,18.52890244,4,123,91,3,0,16,495,34,0.882668852,667,313,71,0,36,29.0,8.0,0.908520137,4.0,1
388,388,jvQzIzzL_lA,True,False,False,0.0,0,0,0,0,0,0,499,45,0.853013457,633,273,66,0,30,15.0,32.0,0.8838863,4.0,1
389,389,ZRLB5I0ZAi0,True,True,False,16.58261538,6,195,146,7,0,21,500,143,0.835279158,2334,637,463,0,144,65.0,210.0,0.843839149,3.0,3
390,390,PtKAeihnbv0,True,True,False,17.51378329,14,236,157,8,0,22,501,59,0.845004691,704,273,123,0,28,33.0,45.0,0.907362814,0.0,1
391,391,IE_ywuQoJSg,True,True,False,13.69090615,18,309,207,5,0,31,501,13,0.724211313,178,101,19,0,3,5.0,5.0,0.89648498,7.0,1
392,392,3hhpoOzUMxo,True,True,False,25.55128713,4,202,150,5,0,31,504,48,0.822050373,779,246,109,0,38,2.0,4.0,0.932721078,9.0,4
393,393,Ru5pFXXHRZo,True,True,False,29.6160412,8,449,228,6,0,61,504,16,0.884825014,285,146,53,0,14,17.0,17.0,0.827692351,0.0,3
394,394,aHtD_63rjFQ,True,True,False,14.99186047,5,86,68,2,0,9,508,52,0.729491093,470,258,73,0,14,83.0,198.0,0.859855006,1.0,4
395,395,uCpY8TtHuzo,True,True,False,31.89146552,4,232,151,3,0,24,511,27,0.865682927,456,203,53,0,23,11.0,5.0,0.956318333,2.0,1
396,396,vhukPv1se08,True,True,False,24.88004796,3,139,107,3,0,20,511,30,0.847634759,234,116,35,1,7,66.0,94.0,0.927084724,0.0,3
397,397,xY7e4XcIjs8,True,True,False,16.27047244,8,254,171,6,0,37,513,53,0.848001465,924,408,145,0,43,22.0,45.0,0.965328644,1.0,4
398,398,1iB68lO2K9k,True,True,False,10.27568801,29,630,254,9,0,110,513,121,0.827066593,2657,622,399,0,218,22.0,5.0,0.985952627,5.0,4
399,399,6XEbW-uxsPc,True,True,False,10.32795897,40,719,344,13,0,83,517,68,0.833368325,1127,282,202,2,66,6.0,9.0,0.822122601,1.0,1
400,400,rUK0EiV_31o,True,True,False,20.49448276,5,174,137,5,0,17,519,28,0.870981699,567,235,67,0,27,12.0,12.0,0.861539484,1.0,4
401,401,5HNFsjUwolI,True,True,False,8.169519001,47,748,335,12,0,129,521,16,0.87511195,214,117,27,0,5,11.0,13.0,0.928910931,2.0,3
402,402,ZeXuf7sOpzA,True,True,False,13.49691729,7,133,100,4,0,10,522,35,0.852373701,537,275,66,0,24,45.0,4.0,0.887279666,3.0,3
403,403,kaoRrzakjGE,True,True,False,17.82761974,13,212,145,6,0,17,531,109,0.844133791,1763,516,254,0,80,16.0,21.0,0.911351772,2.0,4
404,404,ZA8GzhFh_CQ,True,True,False,7.788386874,41,637,300,12,0,98,531,77,0.857887683,1717,373,292,0,104,9.0,1.0,0.855941005,7.0,3
405,405,hCicRpU3biY,True,True,False,8.37910033,11,193,130,3,0,25,536,68,0.810013908,799,239,174,0,26,36.0,3.0,0.778918162,1.0,4
406,406,XRolebcoL2g,True,True,False,14.77588235,1,17,16,2,0,0,538,25,0.87003386,458,232,77,0,24,43.0,7.0,0.916440087,1.0,1
407,407,ItE86GxFwWk,True,True,False,11.86773204,38,854,325,15,0,116,542,75,0.853289232,1490,516,204,0,83,22.0,1.0,0.907430009,5.0,4
408,408,met9SntRZe8,True,True,False,10.27346939,14,196,140,4,0,29,542,86,0.876006167,1881,476,225,0,91,7.0,2.0,0.8745759,6.0,1
409,409,6B9lnKVX7YY,True,True,False,6.916075353,52,882,358,11,0,143,548,28,0.843682264,588,251,72,0,45,6.0,1.0,0.896744203,1.0,3
410,410,m1DOnLhVuX4,True,True,False,18.98121212,12,198,132,7,0,16,548,69,0.863954569,1058,367,171,0,59,9.0,3.0,0.953600907,5.0,1
411,411,IggJcAbecMM,True,True,False,5.243832481,64,807,357,12,0,118,550,48,0.859019248,1619,493,213,1,109,7.0,2.0,0.853612937,4.0,1
412,412,HSJVVLcUcus,True,True,False,10.876,1,15,15,1,0,1,553,13,0.86644443,449,184,63,0,20,7.0,22.0,0.981468717,13.0,3
413,413,YdBXHm3edL8,True,True,False,10.475,1,12,12,1,0,0,556,17,0.870750915,409,195,53,0,24,22.0,5.0,0.836529038,4.0,1
414,414,IMLVbEzM0DI,True,True,False,16.87832965,17,293,174,8,0,27,557,34,0.861685136,858,329,142,0,54,13.0,1.0,0.925081162,6.0,4
415,415,WIpxrtf7QbY,True,False,False,0.0,0,0,0,0,0,0,557,83,0.828202381,1699,565,193,0,87,15.0,45.0,0.894382986,4.0,1
416,416,5w1vW2VEZcE,True,True,False,19.05808219,6,219,145,7,0,28,562,65,0.841774032,883,368,120,0,41,56.0,65.0,0.925918109,5.0,2
417,417,E1myFSlpy-A,True,True,False,9.651802885,13,192,141,5,0,26,564,15,0.863980268,268,145,46,0,16,30.0,43.0,0.963897532,0.0,1
418,418,3lQZ4q_msGg,True,True,False,23.77167582,7,312,158,2,0,18,566,33,0.867474634,756,350,123,0,41,13.0,1.0,0.966289598,6.0,4
420,420,i32a5T-JsEc,True,True,False,20.04904412,5,136,96,3,0,17,573,64,0.878595317,1153,394,141,0,77,21.0,7.0,0.956740998,0.0,3
421,421,SCV_m91mN-Q,True,True,False,16.60962687,10,268,192,6,0,21,574,18,0.820117284,332,198,45,0,21,45.0,5.0,0.855208207,6.0,1
422,422,rd2cf5hValM,True,True,False,20.57375303,7,236,172,6,0,20,577,127,0.888740965,1885,621,272,0,83,27.0,28.0,0.942685268,2.0,2
423,423,KW8HnpSp6wk,True,True,False,14.96472527,7,182,119,9,0,18,581,33,0.821938052,790,305,119,0,41,52.0,23.0,0.833081253,4.0,4
424,424,Jvtb0a2RXaY,True,True,False,12.73452857,8,175,122,3,0,19,583,34,0.837251813,1639,631,165,1,81,1.0,1.0,0.940185003,10.0,3
425,425,F4Lt0AjMxEY,True,True,False,17.79460952,17,293,174,8,0,27,583,75,0.843290951,1761,447,266,0,97,6.0,6.0,0.840762221,0.0,1
426,426,jLscoVyV4zA,True,False,False,0.0,0,0,0,0,0,0,583,128,0.859524403,2168,530,424,0,144,7.0,1.0,0.80522499,2.0,1
427,427,U_rZA3_SBlA,True,True,False,16.17916256,7,203,144,4,0,25,584,26,0.783598552,341,190,34,0,15,39.0,33.0,0.855419013,7.0,1
429,429,BtqlMr1rUT8,True,True,False,18.38651515,12,198,131,6,0,16,589,43,0.864524022,642,276,78,0,30,30.0,13.0,0.870348866,1.0,1
430,430,_A6GbgUnEZc,True,True,False,10.52728797,12,169,125,3,0,22,597,14,0.850725646,250,127,38,0,13,25.0,9.0,0.962530468,11.0,1
431,431,q2vPQYP0dpI,True,True,False,16.87823768,17,494,272,3,0,37,600,40,0.857682143,548,243,90,0,30,8.0,3.0,0.93160818,4.0,1
432,432,jsxFbDIvQRw,True,True,False,12.22871795,3,65,50,1,0,9,600,14,0.896823463,226,137,35,0,11,32.0,10.0,0.86205868,5.0,4
433,433,my7lL8o-3ow,True,True,False,20.47866613,8,313,181,2,0,18,601,44,0.85056354,768,333,124,0,38,71.0,42.0,0.903648546,2.0,4
434,434,8JDuBDIy4C4,True,True,False,10.16325563,9,143,105,3,0,16,601,14,0.869742137,399,234,46,0,23,39.0,72.0,0.944147294,7.0,1
435,435,rpPeJFFzJ5g,True,True,False,15.41492908,6,94,64,2,0,14,601,25,0.90607084,456,227,53,0,19,9.0,18.0,0.966012046,1.0,1
436,436,3lMehvXSJWU,True,True,False,10.97695853,14,217,161,4,0,27,602,22,0.895208193,466,222,66,0,39,6.0,10.0,0.949137357,1.0,1
437,437,-71ld0iqAq8,True,True,False,9.060545433,27,311,204,5,0,31,602,37,0.866277386,1286,451,169,0,90,38.0,213.0,0.846456434,1.0,3
438,438,ijjnqeS0pIE,True,True,False,11.38837781,39,637,323,7,0,79,605,44,0.817609781,695,312,97,0,32,59.0,28.0,0.875887837,3.0,1
439,439,Pr_-cUA_PY8,True,True,False,16.57290303,17,293,174,8,0,27,605,72,0.789245697,940,299,154,0,52,19.0,34.0,0.850817327,1.0,1
440,440,kb146Y1igTQ,True,True,False,22.40146192,7,257,193,5,0,25,607,93,0.837348998,1773,429,198,1,87,5.0,3.0,0.902328679,7.0,1
441,441,Gazuoyf-lm4,True,True,False,23.27933333,3,110,71,3,0,12,607,86,0.877849595,1517,541,235,0,97,14.0,11.0,0.929232303,0.0,1
442,442,B-IfZvygQnM,True,True,False,9.97477104,38,631,323,10,0,86,610,127,0.838838903,2108,419,301,0,99,2.0,1.0,0.798289837,4.0,1
443,443,UEt6sC6qdlA,True,True,False,11.59028112,6,83,68,5,0,10,611,15,0.851895319,323,184,52,0,25,24.0,66.0,0.957071975,1.0,3
444,444,oc0nFa2dA0M,True,True,False,11.3556059,35,659,350,8,0,76,616,36,0.891275939,654,254,80,0,20,39.0,7.0,0.937774104,7.0,1
445,445,fSYFsrurYKI,True,True,False,12.10226152,28,626,323,17,0,98,621,65,0.847680121,931,335,111,0,27,12.0,7.0,0.914567918,3.0,1
447,447,Ekqq6DE8vGE,True,True,False,10.62924731,3,31,30,2,0,6,624,39,0.834116417,643,234,116,1,45,9.0,11.0,0.869037369,0.0,1
448,448,iKKF5yuxvg8,True,True,False,17.10338085,17,293,174,8,0,27,625,174,0.857923799,2269,583,434,0,133,57.0,36.0,0.843660353,0.0,1
450,450,irZC2hV9T-0,True,True,False,9.03488292,33,484,287,11,0,63,631,22,0.868367443,500,237,83,0,25,20.0,42.0,0.908869034,0.0,1
451,451,fR3NxCR9z2U,True,True,False,27.60558442,5,231,180,5,0,26,633,55,0.870030118,738,281,112,0,52,57.0,68.0,0.818697998,1.0,1
452,452,YBY4MSgZLDA,True,True,False,19.68010238,12,407,231,6,0,29,641,29,0.847405676,678,298,96,1,40,12.0,7.0,0.919268348,7.0,4
454,454,wQ1QGZ6gJ8w,True,True,False,10.95182927,5,82,61,4,0,11,665,75,0.841924874,1102,409,135,2,48,38.0,68.0,0.867215587,1.0,1
455,455,xaz5ftvZCyI,True,True,False,16.37836584,13,209,136,6,0,16,667,38,0.802592993,513,237,69,0,17,13.0,14.0,0.860399185,2.0,1
456,456,JXnpt72MZl4,True,True,False,17.69622222,6,135,92,5,0,12,684,19,0.8475143,290,135,54,0,20,32.0,40.0,0.917295808,1.0,4
457,457,GNghXeGlTdI,True,True,False,11.83624662,23,531,270,8,0,83,684,58,0.889062594,1644,478,204,2,98,7.0,3.0,0.892259071,8.0,1
458,458,tpjVmLIUWCo,True,True,False,17.698159,17,293,174,8,0,27,686,18,0.86018304,294,148,36,0,14,9.0,16.0,0.878569044,13.0,1
459,459,LijHvJcVuCI,True,True,False,32.72171875,1,64,48,3,0,3,693,10,0.897480547,210,133,28,0,14,5.0,3.0,0.955871976,6.0,4
460,460,2TnieMq4E14,True,True,False,15.30038793,8,232,167,7,0,32,702,72,0.826497739,1438,404,246,0,94,16.0,35.0,0.850516018,2.0,3
461,461,Id2E72P8Fe0,True,True,False,16.3902799,15,262,155,7,0,27,703,71,0.864456067,1442,541,186,2,77,20.0,5.0,0.926905433,6.0,1
462,462,eTqPsqnbwoc,True,True,False,54.26175258,2,194,112,6,0,1,704,31,0.877262379,315,157,47,0,10,28.0,33.0,0.94692468,3.0,1
463,463,0vyLi8BVi8I,True,True,False,2.829638554,25,166,117,5,0,24,704,93,0.811309124,2660,742,388,1,138,43.0,71.0,0.88449149,3.0,3
464,464,iTjDi2ZO0n8,True,True,False,18.86924863,15,488,266,3,0,44,706,37,0.880374916,586,279,72,0,29,11.0,86.0,0.858446084,2.0,1
465,465,1teEi1piQrM,True,True,False,14.50446237,3,62,48,3,0,4,707,12,0.837642902,168,106,35,0,8,47.0,76.0,0.935768976,0.0,1
466,466,7fuLw031H-g,True,True,False,16.14018412,13,188,126,5,0,21,709,10,0.83886839,292,140,45,0,27,3.0,14.0,0.972131191,2.0,1
467,467,VgnbRK8pij8,True,True,False,12.00648649,2,37,30,2,0,4,719,28,0.857928793,917,359,152,0,57,42.0,157.0,0.878141934,4.0,3
468,468,ArmlWtDnuys,True,True,False,16.09370056,15,236,147,6,0,24,722,44,0.866010058,685,268,94,0,33,69.0,24.0,0.899565266,3.0,1
469,469,1a2Fsfa8e4I,True,True,False,11.58553846,8,130,95,2,0,18,732,62,0.863475732,1684,496,256,0,128,10.0,3.0,0.923115774,2.0,1
470,470,-8HmZjScLe0,True,True,False,21.97011905,18,504,286,3,0,38,732,108,0.85821175,2017,500,428,0,147,52.0,41.0,0.789771199,1.0,4
472,472,9tAbhNvWi90,True,True,False,19.13741379,4,116,90,2,0,16,736,23,0.870392634,479,217,75,0,41,22.0,12.0,0.955130115,3.0,4
473,473,MKKrOHNN3xQ,True,True,False,13.74278846,10,208,126,4,0,40,739,71,0.87605962,1275,468,159,2,58,12.0,3.0,0.933844756,6.0,3
474,474,mvqyBhUJATE,True,False,False,0.0,0,0,0,0,0,0,748,32,0.82432735,606,202,111,0,47,40.0,74.0,0.931363818,0.0,1
475,475,zPdwsCTp4gM,True,True,False,8.493821138,3,41,37,2,0,6,751,105,0.868011257,1510,417,243,0,63,8.0,3.0,0.845675912,1.0,3
476,476,NouXeM-NzX8,True,True,False,10.34416667,3,36,32,0,0,5,753,13,0.833520967,295,158,49,0,24,46.0,16.0,0.920890755,5.0,1
477,477,5qBJNZeIavI,True,True,False,9.538992184,13,187,139,4,0,27,756,39,0.864763221,709,317,120,0,41,48.0,25.0,0.847020696,6.0,1
478,478,IpedthIpUnY,True,True,False,17.70546579,15,458,253,3,0,38,759,56,0.852211176,687,291,101,0,27,7.0,3.0,0.955478558,11.0,3
480,480,H-qREcJqUhY,True,True,False,13.65379412,20,340,219,7,0,42,779,29,0.864262489,658,304,121,0,32,43.0,26.0,0.883747397,2.0,1
481,481,0xgeG2gtI0A,True,True,False,29.00243902,2,123,90,4,0,17,781,16,0.875778628,280,117,42,0,9,2.0,1.0,0.895253938,1.0,1
482,482,Xe7PKGINr9Q,True,True,False,9.63154791,49,761,342,19,1,109,783,75,0.857438248,1208,370,204,0,70,39.0,102.0,0.88059848,9.0,1
483,483,Q6toBA7SRkY,True,True,False,16.06408246,12,287,173,4,0,30,791,48,0.85195097,1526,416,212,1,96,13.0,2.0,0.868998752,7.0,1
484,484,Vgo6TXqQKMg,True,True,False,18.82065359,18,459,263,3,0,36,791,117,0.871686367,1840,733,244,0,87,29.0,42.0,0.913216703,3.0,4
485,485,l0V-Xmps1mE,True,True,False,4.153529412,2,17,16,1,0,1,800,70,0.858377194,1421,399,213,0,66,4.0,2.0,0.889668115,9.0,3
486,486,k1qtkFqQDBs,True,True,False,33.07828947,4,228,156,5,0,13,801,24,0.832406208,350,178,54,2,28,16.0,6.0,0.932523886,5.0,1
487,487,VIrkurR446s,True,True,False,17.16768119,17,293,176,8,0,27,801,49,0.861727961,1047,451,163,0,56,29.0,33.0,0.883299315,8.0,1
488,488,00jbG_cfGuQ,True,True,False,30.4909276,4,221,168,2,0,18,806,30,0.85908456,629,283,104,0,32,7.0,3.0,0.957434127,12.0,1
489,489,yIc2XFNLhm8,True,True,False,29.86276786,7,336,236,5,0,18,809,35,0.854568141,736,297,130,0,40,15.0,1.0,0.918644305,5.0,1
491,491,hg1gPLAG9Q4,True,True,False,15.27810377,19,423,231,7,0,40,819,45,0.850521084,1022,432,160,0,71,15.0,1.0,0.944045602,5.0,4
492,492,ea1sXgd5ui8,True,True,False,9.811389448,13,191,142,4,0,28,822,19,0.817519275,636,325,59,0,36,1.0,1.0,0.958777785,7.0,1
493,493,ZHTdmMJtY5E,False,False,False,0.0,0,0,0,0,0,0,0,66,0.830207892,1204,479,170,0,59,34.0,40.0,0.895584258,1.0,4
494,494,WI8_9PIyWN4,True,True,False,15.40051242,8,161,120,4,0,21,850,8,0.859054947,115,71,17,0,5,15.0,8.0,0.9364703,1.0,1
495,495,Z36dUduOk1Y,True,True,False,19.0495537,13,212,139,6,0,19,853,276,0.851156358,5129,870,995,3,252,18.0,12.0,0.863266339,7.0,3
496,496,czY5nyvZ7cU,True,True,False,18.0470362,13,204,135,6,0,16,853,26,0.83962512,401,193,60,0,17,13.0,2.0,0.966057871,2.0,1
498,498,f_4Q9Iv7_Ao,True,True,False,26.475,3,132,102,2,0,8,870,18,0.820117248,332,198,45,0,21,45.0,5.0,0.855208212,6.0,1
499,499,x6JGB8sTvUw,True,True,False,30.00796844,3,169,120,4,0,20,874,85,0.865777303,1572,387,230,0,82,5.0,3.0,0.844868833,3.0,4
500,500,CWJcgEDBbKU,True,True,False,59.57333333,7,819,366,4,0,67,892,19,0.907592193,218,115,33,0,11,15.0,13.0,0.937746019,6.0,3
501,501,JlZjNrp_dHY,True,True,False,3.954016393,4,61,44,2,0,3,897,19,0.895382048,485,193,57,0,25,34.0,2.0,0.886845261,1.0,4
502,502,LylsVQ8HFIw,True,True,False,9.332727273,1,11,10,2,0,0,898,90,0.858534675,1390,409,224,0,79,7.0,2.0,0.796034101,6.0,1
503,503,3UKB4T4g4Ls,True,True,False,11.30606129,12,223,174,5,0,21,899,72,0.851647291,1173,505,201,0,60,41.0,20.0,0.887661213,1.0,3
504,504,YcCqXGrqxAo,True,True,False,11.27955696,4,79,67,4,0,16,904,23,0.893110537,447,207,77,0,16,44.0,17.0,0.877264815,8.0,1
505,505,lqbL-UhhyPk,True,True,False,11.93955556,6,135,100,4,0,27,953,122,0.830373019,2072,559,357,0,130,18.0,54.0,0.813905507,1.0,4
506,506,f2HnkDGuBqk,True,True,False,18.25888781,11,376,207,8,0,20,962,132,0.852545271,2139,415,322,1,125,3.0,1.0,0.858265311,3.0,4
507,507,sWN13pKVp9s,True,True,False,13.29911765,8,170,106,4,0,22,968,17,0.851991908,325,148,40,0,20,15.0,4.0,0.927030202,7.0,3
508,508,DqsvwHG9c-M,True,True,False,12.3612963,8,162,112,6,0,18,988,149,0.806201896,2409,666,450,1,152,99.0,56.0,0.855958982,0.0,4
509,509,L8AybjTBKF4,True,True,False,18.83190476,5,126,95,3,0,12,1009,104,0.873840145,1768,530,275,2,92,24.0,23.0,0.868018638,2.0,1
510,510,QA2_uA0qJls,True,True,False,12.36368421,1,19,19,1,0,2,1018,77,0.853060743,1659,372,306,0,81,11.0,2.0,0.839457628,7.0,4
512,512,LWDQyaKVols,True,True,False,31.69113725,3,85,78,2,0,5,1037,45,0.863143026,831,308,88,0,32,25.0,28.0,0.883299201,10.0,1
513,513,XSWIxbgr1AY,True,True,False,11.28426842,49,779,326,13,0,90,1062,88,0.869731097,1658,475,161,0,58,6.0,13.0,0.938194467,1.0,4
514,514,QRLZwXL6w1c,True,True,False,13.58386986,16,292,201,5,0,34,1067,48,0.868576671,1407,376,200,0,78,19.0,3.0,0.838656232,11.0,1
515,515,_g9r64ICTsk,True,True,False,9.706923077,1,13,13,1,0,0,1077,11,0.91283832,169,109,18,0,8,14.0,18.0,0.956428911,12.0,1
516,516,J0Y1MlanzCk,True,True,False,9.585881459,7,94,75,6,0,9,1086,23,0.8674959,343,196,32,0,11,19.0,3.0,0.890632565,4.0,1
517,517,sT-IOqAzf7k,True,True,False,22.99833333,1,36,30,2,0,2,1086,107,0.830494611,2276,648,284,0,118,24.0,13.0,0.877014729,3.0,4
518,518,da1vvigy5tQ,True,True,False,12.27243687,9,176,124,5,0,18,1092,171,0.851771046,2460,482,403,0,102,6.0,8.0,0.858233,4.0,1
519,519,ktQzM2IA-qU,True,True,False,14.11554985,7,139,101,4,0,17,1102,24,0.793287446,413,184,68,0,31,48.0,10.0,0.906533332,0.0,1
520,520,cc8sUv2SuaY,True,True,False,15.05339061,17,267,177,6,0,23,1118,37,0.840354127,596,243,115,0,30,15.0,10.0,0.947918115,3.0,1
521,521,_eNgRJ_QTBM,True,True,False,8.15787234,2,47,42,0,0,3,1131,25,0.866467718,588,269,96,0,43,12.0,1.0,0.874085342,5.0,4
522,522,klqaNGRnlDs,True,True,False,17.10551282,6,182,117,5,0,22,1166,27,0.818730183,369,160,66,0,16,8.0,2.0,0.966828384,4.0,4
523,523,0uSKKKrBmaE,True,True,False,10.93427235,13,222,140,10,0,24,1190,29,0.81112924,676,328,106,0,36,13.0,13.0,0.854810433,1.0,4
524,524,WNt0puFwrTk,True,True,False,19.40429134,8,254,148,5,0,23,1225,90,0.832427033,2462,718,434,2,187,45.0,92.0,0.887522142,1.0,3
525,525,tbxgQS3RPvQ,True,False,False,0.0,0,0,0,0,0,0,1281,12,0.821843565,193,123,23,0,11,8.0,7.0,0.935682809,8.0,1
526,526,LVgzOyHVcj4,True,True,False,3.76295838,14,127,95,4,0,20,1312,65,0.834894377,1126,357,225,1,60,15.0,14.0,0.837994723,3.0,4
527,527,VUo2XW0z218,True,True,False,3.816767932,79,450,264,4,0,21,1459,22,0.816074958,671,277,126,0,49,48.0,32.0,0.982350139,2.0,1
528,528,t0nVO_DOmVA,True,True,False,13.40045455,2,22,21,2,0,0,1468,39,0.864663377,665,280,79,0,26,15.0,15.0,0.838356925,11.0,3
529,529,_WhjX5xljD8,True,True,False,13.56785088,9,228,139,9,0,30,1529,82,0.859537553,1611,510,218,0,85,13.0,5.0,0.907878085,4.0,4
530,530,SDzJKaBvOGw,True,True,False,22.08534314,3,136,94,8,0,18,1556,79,0.857672614,1290,484,149,0,71,26.0,66.0,0.86094099,4.0,4
531,531,Hd4kvlF1uCA,True,False,False,0.0,0,0,0,0,0,0,1594,110,0.837702137,2144,424,374,0,119,7.0,3.0,0.82938153,6.0,4
532,532,YWj2RGPE0Dg,True,True,False,6.852481203,14,114,75,2,0,15,1594,107,0.865912329,1723,559,215,4,83,6.0,11.0,0.938406503,9.0,1
533,533,PxPKW04fSoA,True,True,False,10.44611684,6,97,71,2,0,8,1645,33,0.869692411,902,334,119,0,63,8.0,6.0,0.99774295,8.0,4
534,534,7vwKMmqSzsg,True,True,False,34.46221429,2,140,123,4,0,26,1674,95,0.848719789,1725,585,210,0,68,2.0,12.0,0.995463905,3.0,4
535,535,jzeYIytL3wo,True,True,False,16.54545455,6,132,103,6,0,16,1674,57,0.867953262,1639,477,204,2,98,8.0,3.0,0.888279046,8.0,1
536,536,S05_qhpx31Y,True,True,False,19.1503125,1,32,30,1,0,2,1693,43,0.876178992,863,342,123,0,55,74.0,64.0,0.883370569,1.0,3
537,537,QUgwOq0SSTs,True,True,False,9.478275862,18,261,161,6,0,39,1710,107,0.872003509,2259,619,413,0,124,32.0,21.0,0.907979483,3.0,1
538,538,R0JWXowK_HY,True,True,False,10.21928712,44,834,381,15,0,135,1733,26,0.901652486,334,159,47,0,15,9.0,6.0,0.954558251,3.0,1
539,539,tSLjM6cZaTo,True,True,False,18.57582278,5,158,112,5,0,20,1752,96,0.837308805,1515,454,257,0,69,29.0,60.0,0.890050601,3.0,3
540,540,Jd8QFD5Ht18,True,True,False,14.51159091,6,132,100,5,0,14,1767,14,0.861766325,272,129,40,0,20,8.0,14.0,0.985533,11.0,1
541,541,cUU4blxYRF4,True,True,False,30.88,1,1,1,0,0,0,1798,15,0.89666082,253,124,38,0,18,8.0,2.0,0.994709493,5.0,3
542,542,eUiSCEBGxXk,True,True,False,19.42390909,4,110,90,4,0,11,1810,118,0.873659167,1914,552,321,0,98,19.0,46.0,0.850407553,12.0,1
543,543,_sMkl9fVfoE,False,False,False,0.0,0,0,0,0,0,0,0,33,0.821187186,306,161,36,0,11,23.0,19.0,0.92901967,10.0,3
544,544,Bv_0QWtqfVY,True,True,False,8.948046964,19,325,188,4,0,34,1864,51,0.772021571,1034,361,166,0,43,4.0,2.0,0.935320303,0.0,3
545,545,JjWDCldrYGY,True,True,False,17.12574581,11,309,162,5,0,28,2002,52,0.84547105,1204,296,224,0,75,7.0,47.0,0.832253845,1.0,1
546,546,Vd_0FgUXVR8,True,True,False,13.57253165,30,711,349,15,0,96,2133,11,0.887135887,463,225,61,0,18,1.0,1.0,1.0,15.0,1
547,547,XQtPFByWrWU,True,True,False,15.97035714,14,336,193,11,0,42,2269,15,0.835596965,318,176,50,0,12,40.0,25.0,0.845026024,7.0,1
549,549,Va1BZ7_hxSw,True,True,False,9.646994609,7,106,82,4,0,12,2553,20,0.84399887,747,312,90,1,37,25.0,40.0,0.945604076,11.0,3
550,550,6reJRE9Rd7c,False,False,False,0.0,0,0,0,0,0,0,0,92,0.887713148,1805,532,215,0,72,22.0,1.0,0.917310252,2.0,3
551,551,s6UXLavIFJ4,False,False,False,0.0,0,0,0,0,0,0,0,108,0.856591529,1748,504,308,0,118,14.0,17.0,0.780585598,0.0,3
552,552,ETvIajBXFCw,False,False,False,0.0,0,0,0,0,0,0,0,29,0.839730513,440,230,52,0,17,13.0,13.0,0.940993916,7.0,1
553,553,s7jBQIojzS0,True,True,False,30.24125,1,48,38,2,0,5,3230,103,0.81831875,2133,704,299,0,117,45.0,72.0,0.941926111,7.0,1
555,555,s9Lsyg7lgHI,False,False,False,0.0,0,0,0,0,0,0,0,65,0.827547212,1278,376,176,0,63,6.0,2.0,0.840234463,2.0,3
556,556,w0nV-_ddXoc,True,True,False,14.93783898,10,236,178,7,0,22,3432,62,0.865194161,1023,352,186,0,66,28.0,16.0,0.901845028,4.0,3
557,557,mZwAHIHVomo,False,False,False,0.0,0,0,0,0,0,0,0,28,0.814841746,508,230,112,0,30,37.0,32.0,0.888045462,6.0,1
558,558,EccSnNgQP7c,False,False,False,0.0,0,0,0,0,0,0,0,117,0.84491288,2494,666,411,0,183,18.0,38.0,0.845429445,8.0,3
559,559,Bn8MJALJsuY,False,False,False,0.0,0,0,0,0,0,0,0,54,0.882971902,965,386,123,0,42,43.0,23.0,0.959577876,3.0,3
561,561,WYAHes1A36I,True,False,False,0.0,0,0,0,0,0,0,3751,150,0.831536734,2298,592,413,1,158,55.0,33.0,0.829870956,4.0,1
562,562,_CUOjdA-VG0,False,False,False,0.0,0,0,0,0,0,0,0,159,0.820349359,3672,747,701,0,265,18.0,83.0,0.812264595,0.0,1
563,563,WpSSVwKYsv0,True,False,False,0.0,0,0,0,0,0,0,4467,109,0.860931333,1834,428,260,0,92,18.0,3.0,0.825943511,3.0,1
564,564,KYQ2dPW5nEU,True,True,False,10.95182927,5,82,62,4,0,7,4677,18,0.898536283,524,229,86,0,28,7.0,30.0,0.973833769,7.0,1
565,565,FHjK1dwlpm0,True,True,False,25.08931129,3,121,90,2,0,7,5498,11,0.885439898,360,149,64,0,22,12.0,2.0,0.965650857,7.0,1
566,566,USBM2TOgi2I,True,True,False,22.482,1,20,20,2,0,2,6502,12,0.866310857,445,220,70,0,34,44.0,9.0,0.873264816,1.0,1
