id,has_title,has_description,has_tags,accredited,readability,sentence_count,word_count,word_unique,transition_words,summary_words,active_verb,video_duration
ZtVoHOayVmg,1,1,1,0,6.083846154,2,26,24,1,0,3,218
UGOoeqSo_ws,1,1,1,0,22.71418283,10,361,174,9,0,46,317
Ab9OZsDECZw,1,1,1,0,27.61285714,5,154,100,2,0,15,272
qWti317qb_w,1,1,1,0,9.007857143,3,42,34,2,0,4,169
8efeQ8H5cRg,1,1,0,0,25.00285714,2,70,61,3,0,9,126
V04zDVXMbuw,1,1,1,0,19.49316667,6,200,118,4,0,22,296
kdu5QaRINIY,1,1,1,0,9.029080882,17,272,144,5,0,41,124
PDB5K5q7II4,1,1,1,1,29.98148515,2,101,65,2,0,10,61
6EwqFalqfGE,1,1,1,0,25.7073494,2,83,61,3,0,9,199
XOxQyO-Sw-g,1,1,1,1,12.67499396,9,184,122,7,0,23,117
Q6OtzmR3eXo,1,1,1,0,0,0,0,0,0,0,0,97
beuN_Wl2Aqk,1,0,0,0,0,0,0,0,0,0,0,127
zo_0Bzsh4WA,1,1,1,0,13.70162891,9,206,129,8,0,24,106
iEwqy3lzK0c,1,1,1,0,9.934,2,30,26,1,0,3,62
X3BCFOlk1oQ,1,1,1,0,15.81203828,23,452,227,7,0,47,186
jRQNAa-tqr8,1,1,1,0,9.6784375,6,96,75,2,0,11,102
4YNdp3pRjig,1,1,0,0,18.40655172,1,29,24,2,0,5,115
9CNmca7YfJE,1,1,0,0,18.46661017,2,59,49,2,0,5,115
Gmic13mvsgo,1,1,1,0,9.287350333,11,164,100,10,0,24,249
xfZhb6lmxjk,1,1,1,0,26.14480519,5,154,102,7,0,13,282
qFdLDE_Hl1k,1,1,1,0,3.558461538,2,13,13,1,0,1,170
6buIk5Qggt0,1,1,0,0,8.678,4,60,49,3,0,5,120
Z4kqAWuadxY,1,1,1,0,9.391818182,5,77,56,3,0,10,191
VP_I6YJPIj8,1,1,1,0,67.43761905,1,126,92,3,0,11,251
_Wjw7lHTSws,1,1,1,0,17.73656028,6,188,104,8,0,24,104
NFI4UcpNxJw,1,1,1,0,49.48371935,4,367,266,7,0,26,256
Dg3_yWLOJ7o,1,1,1,0,10.35429885,41,878,382,10,0,174,265
XRU1drYgzgs,1,1,1,0,40.7504,5,375,273,4,0,30,145
LOa-uXkn4Ds,1,1,1,0,40.2055,1,60,27,3,0,14,119
dVXWdyi3yhM,1,1,1,0,5.353520909,13,149,86,3,0,19,136
fHOkfI5ThaI,1,1,1,0,5.382631579,2,19,19,2,0,4,224
nxfRgLdxy4Y,1,1,1,0,24.96005089,6,262,175,6,0,29,297
d1rcZaqBUx8,1,1,1,0,18.23399425,8,261,178,6,0,29,205
XfyGv-xwjlI,1,1,1,0,13.34465116,24,516,258,12,0,64,226
eGGXIWFqxhY,1,1,1,0,17.95733333,3,90,78,5,0,13,79
A0qCnOsLUds,1,1,1,0,18.67277778,2,54,49,3,0,7,207
JAjZv41iUJU,1,1,1,0,12.33733333,3,50,41,2,0,4,226
QsSZNetJIuA,1,1,1,1,15.13897959,4,98,80,3,0,12,60
4SZGM_E5cLI,1,1,1,0,12.75427019,7,184,125,4,0,30,156
M2GpXdOabZI,1,1,1,0,11.38935484,2,31,30,1,0,2,154
B2qd4lLUHKQ,1,1,1,0,37.26910714,1,56,36,2,0,5,331
1NIhv6fCqAU,1,1,1,0,11.63764706,2,51,43,1,0,10,289
qSpAF-JUKEA,1,1,1,0,12.52887097,4,62,56,3,1,7,345
BftwyUs58JU,1,1,1,0,18.21454545,11,285,164,9,0,27,231
jxbbBmbvu7I,1,1,1,0,14.88685279,10,197,139,3,0,27,356
wDwM3N1iuWk,1,1,1,0,6.808461538,1,13,13,1,0,2,352
28oRB1LWWEw,1,1,1,0,18.2843617,5,94,77,2,0,11,209
C3AQIfgthh4,1,1,1,0,12.09941176,6,153,108,5,0,24,148
IIyMmg5e2qI,1,1,1,0,12.72759347,26,537,266,11,0,66,233
0f3p9SV1cH4,1,1,1,0,9.383170732,2,41,39,3,0,7,315
rJiD9C3k__c,1,1,1,0,35.63971429,1,70,56,3,0,7,106
dYHVGtMrwF4,1,1,1,0,11.40379143,24,533,292,5,0,88,200
pAb0Odjj5xE,1,1,1,0,16.09063218,3,58,47,3,0,7,271
mWm4ypCyFxQ,1,1,1,0,102.33195,1,200,104,8,0,33,225
c9LwwQK5588,1,1,1,0,18.66710331,14,289,173,8,0,24,358
Mko250V6PYI,1,1,1,0,12.49507347,26,534,254,10,0,81,201
qn2dhw0NJxo,1,1,1,0,14.55291667,27,576,311,11,0,74,254
3e68SzKBiqM,1,1,1,0,10.82925926,9,162,120,2,0,15,331
V2XXfiESQBg,1,1,1,0,8.74625,3,48,38,1,0,5,178
wn0sB1rDNIc,1,1,1,0,30.72146399,7,363,245,5,0,25,289
#NAME?,1,1,1,0,61.41144231,1,104,84,2,0,11,191
ZvLN2fEMYzc,1,1,1,0,11.03113107,9,167,111,3,0,25,271
FsNKyKS7M_s,1,1,1,0,20.91026087,5,115,89,3,0,10,328
cy2uPRdY6JY,1,1,1,0,10.81963415,41,492,316,5,0,32,226
dQXKNXz_ZCg,1,1,1,0,17.0542803,3,88,73,2,0,5,292
SuFVVCvancY,1,1,1,0,15.71944923,9,232,154,4,0,27,283
boUkQ7T1pus,1,1,1,0,11.24789116,3,49,36,3,0,4,121
EOAsKePIbYU,1,1,1,0,29.02576923,1,52,41,2,0,6,197
Ji7n59Tiwwo,1,1,1,0,15.96048718,6,130,108,3,0,8,323
CRCLSs-Lh0U,1,1,0,0,32.14529412,1,51,35,1,0,0,328
16LB2VRUjP0,1,1,1,0,14.45308271,7,133,99,4,0,10,253
DoC21ItfQbM,1,1,1,0,12.07894434,25,521,282,6,0,65,275
Nw9yN_83uZ8,1,1,1,0,20.03727273,2,22,22,0,0,1,151
SF7vOJjMEws,1,1,0,0,26.17684932,2,73,59,3,0,6,283
-6hDAzlQJsY,1,1,1,0,8.8,2,33,30,2,0,5,104
rc4ukEnN0OA,1,1,1,0,16.0918469,28,753,362,11,0,135,238
9V6SH5ySg0o,1,1,1,0,30.4071238,9,508,315,9,0,63,356
QZu4UYrqoUE,1,1,1,0,19.004,6,180,129,3,0,21,202
ozbNW8-ZLm4,1,1,1,0,10.29744891,40,685,323,10,0,98,336
vlZOAAqtibY,1,1,1,0,10.60781224,28,509,293,6,0,53,208
2RzsBQFdw3w,1,1,1,0,14.58622642,5,106,78,5,0,13,234
bPjR9kQ1ZCc,1,1,1,0,13.80589744,9,156,113,3,0,18,327
xrosgdg8FGw,1,1,1,0,16.38610335,8,179,118,3,0,20,139
UiJOohm2sp0,1,1,1,0,10.66296943,25,458,250,8,0,45,144
92dxKiti9hU,1,1,1,0,37.22879576,6,346,190,5,0,27,94
yriA7snxf18,1,1,1,0,13.65202198,14,260,159,6,0,32,108
X1meFFqN04U,1,1,1,0,20.50026316,1,38,33,3,0,2,82
E3pSKea_6fA,1,1,1,0,17.51867072,13,342,179,9,0,62,128
fT9GerQ7AuM,1,1,1,0,20.73467742,6,186,115,3,0,18,317
#NAME?,1,1,1,0,36.73473684,1,57,48,1,0,4,96
fTstVBFBXfw,1,1,1,0,24.29127273,5,220,153,4,0,32,282
#NAME?,1,1,1,0,18.01880859,16,512,267,9,0,81,258
F7StGoDvPG8,1,1,1,0,31.73666667,5,270,164,5,0,33,286
XcGCb1LIyeQ,1,1,1,0,6.12,1,8,8,1,0,1,104
8r0e8WBBg6o,1,1,0,0,9.525769231,2,26,23,1,0,3,216
d41ttKFOuKo,1,1,1,0,8.963406569,29,463,254,8,0,44,147
XmYrJ0s7QQU,1,1,1,0,11.36597603,32,584,328,9,0,70,312
aUdfpZdmT-Q,1,1,1,0,29.53424242,2,99,78,2,0,7,316
_8-elEw7tZM,1,1,1,0,9.909153543,32,508,271,7,0,56,299
bEP0Wz3kVqU,1,1,1,0,14.18512098,19,422,183,12,1,68,192
2RRsOqinpkU,1,1,1,0,14.79454545,2,33,33,2,0,6,187
2vqUozfh8yE,1,1,1,0,11.63411765,2,17,17,0,0,1,78
N4diCnJhdeU,1,1,1,0,34.04246544,7,434,234,7,0,37,283
K-xDHNB8eBg,1,1,1,0,20.76904762,3,63,52,2,0,4,208
7XAX9JU287g,1,1,0,0,9.765,1,20,18,1,0,2,68
FqVFAIP6kFI,1,1,1,0,10.95188655,24,451,247,6,0,38,167
IoiTgPuYZbg,1,1,1,0,13.33,1,13,13,1,0,2,343
g5QNlW9uvz0,1,1,1,0,10.5111749,7,107,73,3,0,16,198
oyetHtHIWx8,1,1,1,0,10.4789744,41,605,327,10,1,71,315
YzrHHTTkLTc,1,1,1,1,14.10333333,2,27,23,3,0,2,210
qPasI9VjI1s,1,1,1,0,15.31472222,4,108,79,2,0,13,233
RBaDYCJ-QOc,1,1,1,0,10.02551869,28,493,282,8,0,58,164
dBW1FNpF07E,1,1,1,0,19.12,2,68,48,2,0,5,67
GyPsBFqnOG0,1,1,1,0,26.79803571,5,168,92,3,0,16,244
c5uDE2vmZR8,1,0,1,0,0,0,0,0,0,0,0,63
QQWTSa9vT7E,1,1,1,0,10.7989593,29,499,281,6,0,40,71
bCpT4IA0-G8,1,1,1,0,18.50694505,7,130,90,4,0,11,94
4EnhKEeZ928,1,1,0,0,11.03607143,7,168,124,5,0,20,86
pkluJeHESAk,1,1,0,0,15.45487469,21,342,201,3,0,43,308
7PBYGu4Az8s,1,1,1,0,84.20047333,3,500,324,9,0,62,174
oM3YfekC61M,1,0,0,0,0,0,0,0,0,0,0,252
4-H4Q8iQYD0,1,1,1,0,21.83921965,4,173,91,2,0,5,309
SqbMNREZG2U,1,0,0,0,0,0,0,0,0,0,0,61
YDUVjz2nVUo,1,1,1,0,19.24822222,9,270,141,5,0,24,326
jwGS75CnlOo,1,1,1,0,19.64568345,5,139,91,2,0,10,135
W1xwhaNyHXQ,1,1,1,0,17.61872439,15,358,208,4,0,35,270
Tb1O8czdAx0,1,1,1,0,13.43495495,9,222,148,5,0,30,359
CyEGCzNTNjI,1,1,1,0,9.723569908,39,530,305,9,0,72,285
UKxfkCSiEIw,1,1,1,0,9.612857143,2,21,21,0,0,2,271
Z-Jf4Kw7owY,1,1,1,0,15.08,2,33,28,3,0,1,216
SP3X-_i7LLc,1,1,1,0,37.45413793,6,348,191,5,0,27,71
xushFVa3jL0,1,1,1,0,16.45293706,5,143,100,7,0,17,255
mqUNB-dkCyc,1,1,1,0,10.33738916,7,87,65,3,0,8,155
TQ85DQ_MqWA,1,1,1,0,9.944883721,5,129,81,6,0,24,231
YSik5lUmBGE,1,1,1,0,15.96888889,2,54,46,3,0,5,257
KMrBpj2nx4Y,1,1,1,0,4.614,2,15,13,0,0,3,153
53FgitG2jl4,1,1,1,0,24.24493506,6,231,145,4,0,19,286
kI6FITZycek,1,1,1,0,14.77428571,1,28,26,1,0,3,135
a_1MEm3vJs4,1,1,1,0,18.2975,2,60,48,2,0,8,296
NXS4DBBhHlU,1,1,0,0,7.666666667,1,9,9,2,0,0,307
K1v4wmKuPVk,1,1,1,0,16.13187978,15,305,187,4,0,24,150
NDmrNp8EF1M,1,1,1,0,10.43705882,2,51,40,2,0,8,269
AdG2EEKZ_f0,1,1,1,0,9.642601626,3,41,33,1,0,5,149
I7txsS7TPTY,1,1,1,0,39.60039216,2,153,92,4,0,17,60
ZVJNthm7nKI,1,1,0,0,13.64689655,6,87,71,3,0,13,281
tPE66_w7uR4,1,1,1,0,29.72232456,3,76,63,3,0,9,139
oDOVXww7sSE,1,1,1,0,13.33409091,1,22,21,2,0,5,159
SPVgzVshNKk,1,1,1,0,17.6447619,3,77,65,7,0,4,232
PBB4SHQHTbY,1,1,1,0,12.591,2,40,32,2,0,4,260
7UgzlFkItjk,1,1,1,1,11.5125,2,36,31,2,0,7,88
#NAME?,1,1,1,0,18.2671875,1,32,31,1,0,6,178
VbwRYFMPZS4,1,1,1,0,13.207,6,150,88,4,0,14,238
eRfMbfyJCjA,1,1,1,1,19.88914286,2,70,59,3,0,7,70
gIkzZP6fl0E,1,1,0,0,19.10358543,3,119,103,4,0,11,205
MiK_sS-ckbU,1,1,0,0,-5.8,1,3,3,0,0,0,225
dyDdfchb990,1,1,1,0,-2.454285714,1,7,7,0,0,0,192
TOcIXRGxtfE,1,1,0,0,15.393,1,30,23,1,0,3,284
kiVaYO8gLfc,1,1,0,0,42.27862745,2,153,116,6,0,18,63
oFCn2usMKXY,1,1,0,0,11.3673913,3,69,59,3,0,11,218
vjqIr35d8NU,1,0,0,0,0,0,0,0,0,0,0,67
WnttMzrbm90,1,1,0,0,49.98741935,2,186,145,5,0,24,239
Xd801pb8rSE,1,1,0,0,27.54385057,3,116,90,2,0,8,246
rPnYsnaU9m4,1,1,1,0,1.457894737,5,38,34,4,0,9,178
SykJhDLaxco,1,1,0,0,0.91,1,7,7,0,0,0,274
W6qjGHEH7OI,1,0,1,0,0,0,0,0,0,0,0,130
bDIlA5dm6Ys,1,0,0,0,0,0,0,0,0,0,0,76
n_1jO64tuQA,1,1,1,0,14.83344828,2,58,50,2,0,7,297
eANADrE6oMg,1,0,0,0,0,0,0,0,0,0,0,298
iYJ41ABHJ2U,1,0,0,0,0,0,0,0,0,0,0,170
JBYy5C5bu4I,1,1,0,0,16.11,1,6,6,0,0,1,187
SCgHauE_AdY,1,1,1,0,8.7,1,32,26,0,0,1,341
KWK-Hfgz_a4,1,1,1,0,-16.22,1,1,1,0,0,0,78
O7l3qg0Z4GE,1,1,1,0,19.29891304,5,138,100,7,0,18,223
1DX5mdLMTIc,1,1,0,0,9.456428571,1,14,14,1,0,1,349
HiqoicYtVjo,1,1,1,0,12.88996731,19,483,229,7,0,74,242
ZiITCnnFbwQ,1,1,1,0,10.27203877,31,609,294,8,0,76,178
rMMpeLLgdgY,1,1,1,0,13.86915114,6,161,88,3,0,15,173
AyDHP9puCag,1,1,1,0,31.22065789,5,228,143,5,0,19,129
ACx1t-Tv14k,1,1,1,0,16.29818182,6,165,104,3,0,25,242
eOsY84oYqKg,1,1,1,0,14.74623083,30,826,393,13,0,140,295
hI_EHXTUpzA,1,1,1,0,23.53125,2,88,60,2,0,7,230
wE1tZ6AF8wU,1,1,1,0,12.40061096,21,371,242,7,0,45,306
FF-UXsxj-Wk,1,1,1,0,46.93462,8,375,236,6,0,24,326
_f97dPx2vjI,1,1,1,0,20.99397333,3,125,73,5,0,15,117
mMcz8jeAvIY,1,1,0,0,-1.945,1,6,6,1,0,0,250
77oyUdNZ054,1,1,1,0,26.57455274,7,321,185,9,0,20,326
qtqN9Bcvt4U,1,1,1,0,17.75115591,8,279,164,3,0,40,208
Jwb6qCD-GKE,1,1,1,0,12.36144518,28,602,311,7,0,81,284
t2e__ebF36g,1,1,0,0,6.12,1,8,8,0,0,0,360
TtAP3-xQlgE,1,1,1,0,23.99512821,3,117,86,3,0,5,84
H5LuUPA8Hvk,1,1,1,0,9.970765043,31,557,294,10,0,66,233
zK8gvcz6vYA,1,1,1,0,16.72717054,3,86,60,3,0,10,206
kOnN-Zh6HHE,1,1,1,0,106.615,1,198,128,1,0,9,259
bIhy-Rb2xp4,1,1,1,0,20.1476875,4,160,114,3,0,27,117
E4nEnsvdJ4Q,1,1,1,0,21.52305294,7,197,128,4,0,19,311
kID-schp2eg,1,1,1,0,9.857818826,32,494,257,8,0,66,251
3GLhwx_G5gE,1,1,1,0,10.31208672,18,328,197,8,0,63,106
wNnw9Luiv2M,1,1,1,0,9.049352979,14,223,136,6,0,36,109
OrcdGY64iEE,1,1,1,0,8.382878788,3,44,43,7,0,6,149
TYINyqyp8xE,1,1,1,1,32.34722222,1,54,35,3,0,2,109
OlP9j1Z2Qbo,1,1,1,0,8.771207412,35,478,281,9,0,47,199
lLGpRQNAku4,1,1,1,0,19.96826087,2,46,41,2,0,6,232
#NAME?,1,1,1,0,14.1078191,7,169,105,3,0,27,206
dhIEqen1siQ,1,1,1,0,8.753977609,36,526,298,9,0,67,267
GY8S5ts8_p0,1,1,1,0,24.98157143,5,210,140,2,0,16,255
zgd2g-SICIc,1,1,1,0,55.46465347,1,101,76,3,0,9,219
dGRzVyj3vPw,1,1,1,0,16.20692308,1,26,25,1,0,3,174
9M72oTDgBgc,1,1,1,1,8.454011494,12,145,113,5,0,20,158
rrQaifY-kdw,1,1,1,0,10.06588235,1,17,17,1,0,2,160
4BVbYDavIyQ,1,1,0,0,10.061125,5,80,63,3,0,11,178
TKGBNNRWYts,1,1,1,0,18.34365854,2,41,31,2,0,0,136
T28YaCoRd1E,1,1,0,1,16.28015625,2,64,44,4,0,11,352
QKbczu4TR_Q,1,1,1,0,17.750625,2,48,44,2,0,9,189
xi9FH0gWLn4,1,1,1,1,16.83,1,20,20,1,0,3,102
3CAQ0ydXatM,1,1,1,1,21.01615385,2,78,63,2,0,8,60
_1I3bIx1ge8,1,1,0,0,7.89483871,4,62,52,2,0,10,324
9tvD2sMl9hI,1,1,1,1,19.14780488,2,41,37,2,0,2,252
BubcCGoClzc,1,1,1,0,46.03451613,1,62,50,2,0,4,160
jPJb30zPGLg,1,1,0,0,17.277,1,30,29,3,0,4,108
sNLk_bHlK1w,1,1,1,0,18.34365854,2,41,31,2,0,0,140
LO-hIUcLinY,1,1,1,0,44.50917647,1,85,70,2,0,14,217
QA1KHpMikYE,1,1,1,0,18.34365854,2,41,31,2,0,0,131
SRSJILKSx18,1,0,0,0,0,0,0,0,0,0,0,342
e0XN_hjfQiA,1,1,1,0,14.67170213,4,94,71,4,0,12,251
VZBGZ7YT-vY,1,1,1,0,12.59360544,3,49,42,2,0,6,142
WM3v85H1jX0,1,1,1,0,18.66649485,5,97,79,2,0,11,277
8UVyZKpPto4,1,1,1,0,13.55173913,3,69,50,3,0,11,309
StG4seQPUyc,1,1,1,0,10.25465121,44,490,251,11,0,48,226
Qvm77ZuZJlQ,1,1,1,0,10.89705882,1,17,17,2,0,2,77
cZz7EvpXn10,1,1,1,0,14.62,3,75,55,3,0,10,211
dH9Y_rby-jQ,1,1,1,0,6.965714286,3,21,21,2,0,4,192
z3fIF0kmRhs,1,1,1,0,15.48904029,28,617,344,11,0,71,308
H8rHmS7d5wo,1,1,0,0,13.11671171,3,74,56,3,0,10,61
74s6eiBBBFU,1,1,1,0,10.68783878,29,527,299,9,0,66,284
91d7RAFI-2w,1,1,1,0,10.48499179,28,522,272,8,0,59,305
TidRyyrTz4k,1,1,1,0,8.503333333,7,126,100,3,0,13,222
8K61V8gSnDs,1,1,1,0,37.39983527,6,344,189,5,0,27,95
mQA9XFp8_hE,1,1,1,0,11.05193728,36,698,344,10,0,98,245
aJ1ktj_9exI,1,1,1,0,20.33458333,3,72,61,2,0,9,226
5pD9HnPYQao,1,1,1,0,9.716890244,30,492,283,9,0,52,205
LvaVsnHbIbI,1,1,1,0,11.20654633,23,442,262,7,0,47,287
UIQgolIGQEU,1,1,1,0,14.8673484,26,548,294,11,0,73,220
HyKyfNkoBOo,1,1,0,0,36.31724138,1,58,42,2,0,2,296
8xz4VCgx-uE,1,1,0,0,10.96283133,4,83,63,3,0,13,222
TNspLEjrQ00,1,1,1,0,11.71352869,9,182,116,6,0,26,235
A-8de9LuVJQ,1,1,1,0,10.414375,1,16,15,2,0,2,158
C8yAb7MDW5k,1,1,0,1,3.599411765,2,17,15,2,0,3,216
2M3tKFajs90,1,1,1,0,16.0075,1,16,15,0,0,0,156
r3Bcu08av_Q,1,1,1,0,17.27342029,6,115,94,4,0,10,264
J8uGuJ9rQVU,1,1,1,0,20.22647059,2,51,32,2,0,8,225
rnl0Pp8WtXA,1,1,0,1,12.60538462,1,13,13,0,0,0,340
SQob7fvd-zQ,1,1,1,0,19.49640625,20,384,244,6,0,26,261
4X0jKnpc7lQ,1,1,1,0,23.31166667,8,360,209,5,0,54,330
iZJMOAIrUIM,1,1,1,0,9.325442177,3,49,42,2,0,5,165
NR1fyFM1Dro,1,1,1,0,28.74154229,3,134,105,6,0,13,152
xRyYAvhpeMk,1,1,1,0,11.76897833,19,493,202,9,0,94,156
I8D8zpLqpw8,1,1,1,0,0,0,0,0,0,0,0,302
PSRgQFSuX7o,1,1,1,1,12.53423077,4,78,61,2,0,7,195
sZEeCWcwD1g,1,1,1,1,17.63356322,3,58,39,2,0,5,359
5nEnB97_W6I,1,1,1,0,12.93935484,5,93,78,4,0,9,212
Bz5AjMAA8fg,1,1,1,1,18.00051724,2,58,47,3,0,7,217
FLYHICUIYDE,1,1,1,1,8.26,1,6,6,1,0,0,101
33nZHuUkyMw,1,1,1,0,9.7275,3,48,37,2,0,5,229
LbGYHhQRtVs,1,1,1,1,13.91333333,6,157,107,3,0,21,304
9iUB9GMxjNw,1,1,1,1,0,0,0,0,0,0,0,129
PBjatPLjof0,1,1,1,0,29.31291375,3,143,103,6,0,15,167
ZBFs0cbadqo,1,1,1,0,5.852,1,15,15,0,0,3,318
Z4NWmUjuaxg,1,1,1,1,19.59666667,2,72,52,3,0,9,249
XJhz6nVBdWw,1,1,1,0,13.57933333,2,45,35,1,0,2,297
PtpSVGSY59A,1,1,1,1,5.007486601,27,463,233,14,0,97,240
OJq_3J8x2qY,1,1,1,1,12.13457364,3,43,35,3,0,4,185
ySScxN8MuFU,1,1,1,0,21.37277778,5,162,101,3,0,16,331
gwVnGs9p-h0,1,1,1,1,12.54199365,9,175,124,5,0,19,334
0-h7haNhAic,1,1,1,1,12.68723801,18,352,196,4,0,48,110
LjRmmPTdFgE,1,0,1,1,0,0,0,0,0,0,0,180
NmU0B-XAUr0,1,1,1,1,12.4410929,3,61,50,3,0,8,151
J5T1YkE1tGM,1,1,1,0,13.48294118,3,51,40,2,0,3,205
VQcnVBfkIkE,1,1,1,0,11.98173913,1,23,22,0,0,6,335
#NAME?,1,1,0,1,11.70565476,6,112,90,4,0,17,148
Z-d5srfI9to,1,1,1,1,19.6768,2,75,54,2,0,10,217
XETG8azHiv4,1,1,1,0,19.04123016,8,189,139,7,0,21,273
fRJCfgorLzM,1,1,0,1,20.28515152,3,99,82,2,0,16,320
WI6f8aoWyD8,1,1,1,1,9.916484848,3,55,49,2,0,5,149
v-yeVxI4CeE,1,1,1,0,9.902176871,3,49,43,2,0,3,109
bn4NX4x81Fk,1,1,1,0,0,0,0,0,0,0,0,340
r6IMMEp56ts,1,1,1,1,9.118636364,2,22,16,0,0,4,98
46xCuYATOyA,1,1,1,0,16.59625,3,48,38,2,0,5,176
_eTAUmqG7b8,1,1,1,0,12.79886364,8,176,109,5,0,32,68
2TiuzhZRmXs,1,1,0,0,6.12,1,8,8,0,0,0,301
viSt5pmKoL8,1,1,1,0,12.0655,2,20,19,2,0,3,256
MKS2Hm5ofBE,1,1,1,0,9.884148629,35,594,322,7,0,55,291
Tqfsh-V41Oc,1,1,1,0,22.17685714,3,105,81,2,0,9,202
8fxy-dMqt1Y,1,1,1,0,26.74061538,5,195,135,3,0,14,209
0cd-4xuiguo,1,1,1,0,12.12,1,20,17,1,0,0,217
IDDPNuU-420,1,1,1,1,37.71606557,1,61,55,3,0,7,75
OMn8Tq5Eyao,1,1,1,0,13.28883495,5,103,81,2,0,10,208
iPKbj0IUld4,1,1,1,1,14.61863636,1,22,17,1,0,2,169
RpfHg6Que7E,1,1,1,0,13.3902907,8,172,115,3,0,23,247
R5FworVXyW0,1,1,0,0,8.957647059,2,34,29,1,0,5,153
91ixIPtg90Q,1,1,1,1,19.66546875,2,64,46,3,0,4,106
xDmxMz688As,1,1,0,0,13.77301863,9,173,125,4,0,29,127
KJLfx6GG03k,1,1,1,0,18.19802083,3,32,29,1,0,5,71
AAPhWbG_zLs,1,0,0,0,0,0,0,0,0,0,0,119
G8svzYKU40E,1,1,0,0,9.475,2,20,19,2,0,5,353
iuQnWadkBKw,1,1,1,0,12.8265,1,20,20,3,0,5,142
RAfoWVy6XhM,1,1,1,0,8.984285714,1,7,7,1,0,0,115
bLgEKIYmBOg,1,0,0,0,0,0,0,0,0,0,0,127
oFeKF1dILGY,1,1,1,0,5.544,2,25,25,2,0,5,153
9uUXgMNS23k,1,1,0,0,11.8845,1,20,19,1,0,3,129
0_XOaS66TcM,1,1,0,0,272.1746746,1,507,233,5,0,33,149
CKlSFlnmDcY,1,1,1,0,8.395517241,2,29,26,2,0,2,289
cE4AtrVEz1Y,1,1,1,0,15.15586957,2,46,38,2,0,4,206
jKrSV5cX9rI,1,1,1,1,7.108,2,30,28,1,0,6,229
ImrjXLooqi0,1,1,1,0,15.45875107,7,167,118,7,0,22,290
QSbU-AI5vuE,1,1,1,0,12.18652174,1,23,22,2,0,4,193
sO8s69V8al8,1,1,1,0,16.56923077,3,78,55,3,0,13,120
HUWy9V-of-0,1,1,1,0,16.029375,5,144,101,5,0,21,75
jL5mNay_Xt0,1,1,0,0,22.75084866,7,202,136,5,0,26,113
4YGWbAosr-c,1,0,1,0,0,0,0,0,0,0,0,284
wOIZEz0hAY4,1,1,1,0,12.74261006,29,759,327,12,0,153,263
AM5MgWN5C8c,1,1,1,0,9.266315789,6,57,49,3,0,10,67
PMjtbvqlqso,1,1,1,0,11.58510736,8,163,115,6,0,22,312
K2BHxaajpcs,1,1,1,0,11.33752809,5,89,73,5,0,13,301
JzqLU9O1RWM,1,1,1,0,24.35833333,2,90,62,2,0,9,226
V_WaqwJ96uU,1,1,1,0,13.03673077,4,104,72,1,0,10,173
69HCEUzFXgU,1,1,1,0,53.5230303,1,99,71,3,0,12,82
gdM1ph62zno,1,0,1,1,0,0,0,0,0,0,0,267
HHxsg3XmKSQ,1,1,1,1,11.58151435,16,331,190,10,0,65,101
43JdUcz1Y10,1,1,0,0,19.60164474,4,152,110,4,0,13,217
SuwR46p7wrA,1,1,1,0,28.75592683,4,205,142,6,0,22,174
J5c5AfZflaI,1,1,1,1,13.405,2,42,34,1,0,5,60
e9B4D7GBHNE,1,1,1,0,9.431723901,26,448,247,6,0,47,206
spGKvuAwv_w,1,1,1,0,37.84869565,1,69,52,3,0,7,111
xtbjNvj7k9M,1,1,1,0,18.86072165,5,97,79,2,0,11,246
C5dU3zqkT8o,1,1,1,0,14.6256092,6,145,100,3,0,20,316
T12v9QTVwQQ,1,1,1,0,9.451566308,31,540,287,8,0,70,260
frfjj1OiidU,1,1,1,0,19.49993671,10,316,187,7,0,28,358
KqEqzi6eXGY,1,1,1,0,11.02687844,29,533,302,7,0,46,157
2KfiNn9SF3o,1,1,1,0,8.956640585,39,698,345,7,0,96,284
hfZ5v11hXDU,1,1,1,0,11.64848051,31,663,289,7,0,121,335
92lqVZ22rfA,1,1,1,0,10.37973214,21,384,225,7,0,39,234
sNNknWmTUJo,1,1,1,0,10.92263995,37,646,363,7,0,69,177
15IeTaS5AUI,1,1,1,0,22.6547619,2,63,48,2,0,2,190
2_-GiiulAw8,1,1,1,0,21.235,12,471,293,7,0,60,221
4KJrK949t40,1,1,1,0,10.6799867,33,615,333,8,0,68,234
lPdOdgvprsM,1,1,1,0,10.20539513,24,445,242,7,0,45,207
Y13hVozxXD0,1,1,1,0,8.913371628,28,429,245,6,0,45,142
4y7JcA5nnxc,1,1,1,0,11.20119394,23,445,252,7,0,44,181
AqV5bUpbCpY,1,1,1,0,11.52258929,7,144,101,4,0,13,110
T_g1JJKmC6g,1,1,1,0,12.67578035,10,173,121,5,0,20,276
indqygzNW3w,1,1,1,0,54.31940299,1,67,50,1,0,8,186
Hf4YEIrLC2I,1,1,1,0,26.0075,1,36,33,2,0,4,101
oV9JE5K_uiM,1,1,1,0,8.5125,1,12,12,2,0,2,126
L7gOz64tpTo,1,1,0,0,9.062222222,3,27,25,2,0,2,127
x0uj1jmHfrM,1,1,1,0,17.44762235,29,687,390,7,0,66,277
KylrAw2e8mA,1,1,1,0,12.67180791,3,59,46,2,0,5,252
A370WEFeVm4,1,1,1,0,18.1525,4,100,76,3,0,17,172
QZDn2g98xk0,1,0,1,0,0,0,0,0,0,0,0,73
ReHM_G1Dsic,1,1,1,0,26.96618421,6,228,149,4,0,17,96
7SbK7u6L2eU,1,1,1,0,15.90318182,1,22,21,1,0,1,255
byLV2bESY4k,1,1,1,0,16.11986144,18,425,237,6,0,55,239
HaI0smmx8w0,1,1,1,0,21.78824027,6,197,109,3,0,18,230
#NAME?,1,1,1,0,25.248,1,45,41,2,0,1,134
1zEYPwpppfk,1,1,0,0,13.85105263,1,19,16,1,0,2,161
vK3nxfKM4Q4,1,1,1,0,6.854090909,4,55,39,3,0,9,83
OcKxYb9mZcU,1,1,1,0,50.0264557,1,79,65,1,0,3,221
ngcneqHdH88,1,1,1,0,21.7112069,4,87,49,1,0,3,161
4_KtF74ibPw,1,1,1,0,25.70217391,1,23,21,0,0,0,106
bN-8oYVilps,1,1,1,0,16.82153846,4,78,58,1,0,5,200
bnqwDZta64Y,1,1,1,0,7.579,2,30,27,2,0,3,241
nLodV8G-FRc,1,1,1,1,20.96962963,6,162,108,3,0,11,300
RF769x31Sms,1,1,0,0,-6.3,1,2,2,0,0,0,205
Tt3J0flYZt8,1,1,1,0,0,0,0,0,0,0,0,257
XcoqTLHYe2k,1,1,1,1,22.6893662,4,142,101,3,0,13,61
Sl2bcHVR1l8,1,1,1,0,0,0,0,0,0,0,0,311
uXI1TLuM63k,1,1,1,0,19.75098639,3,98,70,5,0,12,149
rynDFJw4Ni0,1,1,1,0,18.68486896,12,407,199,11,0,62,176
6aa_AseIQxo,1,1,1,0,14.58218045,7,171,121,4,0,25,180
Ht8yNvemmQg,1,1,1,0,9.025072464,3,23,23,1,0,3,298
r5xzcwwJ-B8,1,1,1,0,31.19428571,1,42,40,2,0,1,64
vrj7MqVz_Hs,1,1,0,1,3.272266667,3,25,24,1,0,5,167
f-ngEcF1nXU,1,1,1,0,0,0,0,0,0,0,0,326
cf9rTvC9U8Y,1,1,0,0,15.01450216,3,77,69,4,0,10,93
XUWNvlnyAQk,1,1,1,0,0,0,0,0,0,0,0,249
uqWdE5I_I_M,1,1,1,0,8.631422665,33,557,245,12,0,87,174
5vwJCqCrMgk,1,1,1,0,24.86406537,11,356,228,7,0,41,146
dEfaxiSUFvs,1,1,1,0,10.43037185,30,502,246,9,0,62,338
b2I6JujQFtk,1,1,0,0,7.475,2,12,10,1,0,1,172
NMvrqByanI0,1,0,1,0,0,0,0,0,0,0,0,236
b0LzhAhmAnM,1,1,0,0,10.85524823,3,47,37,2,0,6,261
zDiEeDxvP7g,1,1,1,0,25.39876923,4,130,101,2,0,8,315
_uUNUVibyaA,1,1,0,0,3.604615385,10,78,60,4,0,12,310
wHk_agRE2Lo,1,1,0,0,12.51978261,4,69,57,4,0,6,166
6NWm4zAW4Qc,1,1,1,0,86.76855172,1,145,125,2,0,17,315
y75CLDEoEkQ,1,1,1,0,17.54292453,4,53,42,3,0,6,276
kvilGivh_2M,1,1,1,0,11.99752688,3,62,49,4,0,13,174
pw-2RFtVIbk,1,0,1,0,0,0,0,0,0,0,0,218
z1MZsK186io,1,1,1,0,7.533076923,2,26,24,1,0,5,176
OKqWYX66KJ4,1,1,1,0,7.191818182,2,22,21,2,0,2,125
m5H1aKhg7DI,1,1,1,0,14.93013514,5,74,64,2,0,7,126
iGD0KJl0rng,1,0,0,0,0,0,0,0,0,0,0,171
uxOZy6Aou1I,1,0,0,0,0,0,0,0,0,0,0,358
Z8oKroCE0Ms,1,1,1,0,11.72285714,1,21,19,1,0,1,239
iAQZlZ84Xeg,1,1,1,0,20.15714286,1,28,23,2,0,5,260
UP348xehyl4,1,1,1,0,38.25826087,1,69,62,5,0,3,203
S4JN4yGTXsQ,1,1,1,0,14.42410256,3,26,21,2,0,2,221
cJNKMZP1NT4,1,0,1,0,0,0,0,0,0,0,0,324
FZfz-K0VZXk,1,1,0,1,8.728183769,21,355,184,6,0,71,128
OxH6kOud_10,1,1,1,1,9.101052632,2,19,19,1,0,3,180
LKn6vHG3cLc,1,1,1,0,7.17625,2,32,29,5,0,7,140
MrzbFpzt_4s,1,1,1,1,14.48611111,2,54,49,3,0,8,151
YX1nn4uN4fk,1,1,1,0,12.29344828,2,29,26,1,0,5,114
dFlE-rRX5pg,1,1,1,0,10.91428571,3,42,38,2,0,8,334
ekzBdZZTRrU,1,1,1,0,17.70791209,7,182,126,3,0,16,221
shMODE8lzkk,1,1,0,1,20.180625,1,32,30,2,0,1,171
FNI00N5dZSI,1,1,1,1,10.69608974,3,52,48,1,0,13,205
1dwIceQdbiA,1,1,1,0,15.86767857,2,56,48,2,0,8,282
toffLT1EQUw,1,1,1,0,14.95764461,33,713,345,15,0,95,336
dcurlOHLi78,1,1,1,0,19.71358209,2,67,54,0,0,6,285
MI4J7Uo4A7s,1,1,1,0,17.70976,5,125,96,4,0,14,251
dLKGWoOI1X8,1,1,1,0,15.45098131,4,107,62,2,0,9,171
7X5Br3YMCWE,1,1,1,0,17.63251236,19,543,311,11,0,93,211
xh41aSPf5_M,1,1,1,1,15.73041667,3,64,52,2,0,7,151
ZQNRIeH101U,1,1,1,0,8.67618999,33,534,283,8,0,71,187
nekt1YY0RRc,1,1,1,0,17.02886358,18,439,207,5,0,38,197
P2SWz2pu2NQ,1,1,1,0,14.54507109,10,211,120,6,0,44,153
bhOF3Kx8CEQ,1,1,1,1,13.36761905,3,63,56,3,0,8,151
mgdvJtJrMuI,1,1,1,0,9.62673913,2,46,37,2,0,4,185
7zcN5OeG5o4,1,1,1,1,18.88612903,3,93,66,3,0,9,148
MveYRVTaUyU,1,1,0,1,26.13938776,1,49,39,1,0,2,155
O1jhYm7uXqw,1,1,1,0,9.694705882,2,17,17,1,0,1,97
Etras1sDh84,1,1,1,0,36.35150943,1,53,49,3,0,5,353
bzmUMxVIQVI,1,1,1,0,29.31654167,3,160,120,6,0,28,160
i1XnnBMXWHI,1,1,1,1,11.8062069,2,29,26,2,0,7,293
5iaZip66Ct0,1,1,1,0,14.88547126,6,145,100,3,0,19,235
LvkPlumDAGE,1,1,0,0,10.02209302,2,43,38,5,0,7,342
YEvH2mPyxWI,1,1,1,0,11.42380952,3,63,51,2,0,5,137
#NAME?,1,1,1,0,17.87068182,4,132,95,2,0,11,134
aSpWn1rd0co,1,1,1,0,24.88794872,3,104,74,2,0,9,144
xkkBlcc4PW8,1,1,1,0,36.73473684,1,57,48,1,0,4,230
ZN1SDz17Y-M,1,1,1,0,13.82032258,2,31,30,2,0,2,334
0Pux_usFxDk,1,1,0,0,17.0655,4,80,69,3,0,8,348
CqWbINKy_90,1,1,0,0,20.17751938,3,86,66,6,0,8,343
zrpkP3Ktm2E,1,1,1,0,80.92882353,1,153,105,6,0,25,316
_fCqEIn7ccA,1,1,1,1,14.9968,1,25,23,2,0,3,234
FeSb9ve9IwQ,1,1,1,0,7.042540984,4,61,49,3,0,8,60
mi1aHDXjp0Q,1,1,1,0,4.722857143,3,21,21,1,0,5,215
cFltBQzpjw8,1,1,0,1,30.4525,5,248,135,3,0,22,347
bSL6ax3qxaU,1,1,1,0,9.16447619,6,70,60,2,0,12,333
YDGcBuwwKpQ,1,1,1,0,12.26723464,20,358,235,8,0,47,250
a4WnWzTnMEY,1,1,1,0,10.61197954,27,496,267,7,0,54,213
gFq67iFrNIs,1,1,1,0,5.562,1,5,5,0,0,0,255
FINg3Wg3IBo,1,1,1,0,29.17,1,7,7,1,0,0,187
PDxCnPwklAM,1,1,1,0,11.42386364,16,308,172,6,0,37,76
FzXqOuXDMEE,1,1,1,1,22.28785714,3,84,70,4,0,9,246
EevTWpEnWaY,1,1,1,0,11.72285714,1,21,18,2,0,1,235
pzU9Jy0rJVQ,1,1,1,0,18.13333333,1,9,9,2,0,0,339
7Q8nrOm-t3w,1,1,1,0,20.11696262,4,107,81,7,1,16,122
CyOdY5L-YeE,1,1,1,0,16.0307963,29,637,346,12,0,79,240
uxBCLb5cQpc,1,1,1,0,34.68761084,4,203,128,4,0,13,141
xgy5LJAGFbg,1,1,1,0,30.88,1,1,1,0,0,0,142
UZTBCTM3o_M,1,1,0,0,19.85705882,2,51,38,0,0,4,210
mC_pySnBU_4,1,0,0,0,0,0,0,0,0,0,0,199
IchZr7b9EwA,1,1,1,0,55.62160976,2,205,140,5,0,25,151
SsF9XGvgr3U,1,1,0,0,7.88625,1,8,8,1,0,1,191
Z5r8OHp-XII,1,0,0,0,0,0,0,0,0,0,0,324
bDSgic8osmE,1,1,1,0,17.0706228,13,394,213,6,0,52,226
Lcv0LbMjD4I,1,1,1,0,13.41875,2,24,22,0,0,2,82
X6_wQKJsb8k,1,1,0,0,39.19796875,1,64,56,2,0,9,86
SEiFVzNbxBU,1,0,0,0,0,0,0,0,0,0,0,281
0Y6DdLwjqiQ,1,0,0,0,0,0,0,0,0,0,0,266
hyv0hKNKiqU,1,1,0,0,28.36714286,2,70,62,2,0,9,292
j9jVGO4To4A,1,1,1,0,24.33,2,70,46,2,0,1,149
FyXUoB8ujMo,1,0,0,0,0,0,0,0,0,0,0,171
yeOe6-n3-jM,1,1,1,0,24.45709677,1,31,24,0,0,2,163
97v2WUJdWGc,1,1,1,0,55.43340426,1,94,75,2,0,3,297
pR6ibEdkAho,1,1,1,0,30.52028571,1,35,29,0,0,3,168
eF4BAEnZXpM,1,1,1,0,23.47272727,1,33,30,0,0,2,191
M_zxqgRFTOU,1,1,0,0,38.035,1,42,41,1,0,0,128
PI_LK4OjvNE,1,1,0,0,8.83,1,4,4,1,0,0,135
o1srD-3rJV8,1,1,0,0,21.60652174,1,23,13,0,0,0,149
LcpRjHcu5bg,1,1,0,0,13.82478261,1,23,22,0,0,1,218
oXBg2FGdtuk,1,1,0,0,33.8082,1,50,41,3,0,2,229
86O0ABciCRE,1,0,1,0,0,0,0,0,0,0,0,240
oSo4zSAXN3M,1,1,1,0,10.405,2,30,27,2,0,3,353
MThqK9flPj0,1,0,0,0,0,0,0,0,0,0,0,316
_9_jkzKmO6E,1,1,1,0,16.56333333,1,9,9,0,0,1,280
qAE41uPa9c8,1,1,1,0,5.53125,1,8,8,1,0,1,317
pl8Gdu2nZpY,1,1,1,0,11.45021858,30,671,338,10,0,82,300
mF2Vel8Ctlg,1,1,1,0,11.76675,2,40,38,1,0,6,267
ulVYYe_y52g,1,1,1,0,32.47427419,2,124,86,4,0,17,138
1elEeIqzJlA,1,1,1,0,15.33904412,15,408,234,6,0,43,340
pZMTahfZwIA,1,1,1,0,9.280228898,30,466,207,8,0,58,281
S_aDReG4Dik,1,1,1,0,12.48022523,3,74,59,4,0,11,242
CYCeEKNuakM,1,1,1,0,19.12,2,68,48,2,0,7,77
uua6hmXd-Ao,1,1,1,0,14.74120779,11,140,96,3,0,8,115
m_2dJQspxRA,1,1,1,0,63.85,1,1,1,1,0,0,263
UN-FVXP4yaY,1,1,1,0,48.23178947,1,95,72,5,0,12,184
AvwtWY1DAJ4,1,1,1,0,24.07698071,8,337,181,6,0,51,344
-5yWbp6B-eA,1,1,1,0,15.98283688,3,94,62,3,0,8,193
9j5khsROhQA,1,1,1,0,4.7904,2,25,16,0,0,1,282
QBKpgpJjczA,1,1,0,0,12.00648649,6,111,80,4,0,15,151
#NAME?,1,0,1,0,0,0,0,0,0,0,0,234
iaONTBFUcAg,1,1,1,0,19.3455303,12,396,198,9,0,38,360
7hnppDymQjk,1,0,0,0,0,0,0,0,0,0,0,124
LIfF5f4XQqc,1,1,1,0,23.09076923,1,26,22,0,0,2,159
SaPPHtZq_BU,1,1,1,0,11.15615385,2,26,24,0,0,2,215
yupRx6nO26w,1,1,1,0,39.03535714,1,56,33,2,0,1,106
0v7xhxMr6_k,1,1,0,0,25.21529412,1,34,30,0,0,1,132
G12NGW8rgTU,1,1,1,0,14.29555556,3,27,24,0,0,1,196
6X-t_aSTp0Q,1,1,1,0,18.95429204,4,113,81,2,0,14,233
DcDFhQYRvqU,1,1,1,0,25.441,1,30,25,1,0,1,61
3lMFxZxe73w,1,0,0,0,0,0,0,0,0,0,0,153
NhcGw5Vwfrw,1,1,0,0,8.129142857,7,5,5,0,0,0,241
4eOdK9bz72o,1,1,0,0,47.4215625,1,96,81,8,0,11,62
3GTY9y9fAX0,1,1,1,1,0,0,0,0,0,0,0,256
Bl-zY3dkyg0,1,1,1,1,13.58019231,2,52,42,2,0,2,112
8xxz_PgVuWs,1,1,1,0,18.9429304,3,91,67,3,0,6,199
7qd0gLQ6W98,1,1,1,0,8.98358209,8,134,103,4,0,16,169
6E55JuMp2OY,1,1,1,0,10.19242424,27,495,283,7,0,52,111
BlAFhg3tlYE,1,1,1,0,6.480160714,7,80,70,3,0,10,250
Gf4YVmAjQvM,1,1,0,0,9.17625,2,40,38,3,0,4,232
gTq4X9rfgFU,1,1,1,0,21.8575,1,12,10,0,0,1,260
J5aDq3wukAc,1,0,0,0,0,0,0,0,0,0,0,180
pmmsM9LKNE8,1,1,1,0,13.05363636,1,33,30,2,0,3,100
KZCQOrdFc8w,1,1,0,0,9.615271318,3,43,36,2,0,5,168
4yj-1Uo3Tj8,1,0,0,0,0,0,0,0,0,0,0,121
evCbZ9R5utU,1,1,1,0,8.500434783,1,23,19,0,0,6,270
DG6lOGsBX5o,1,1,1,0,0,0,0,0,0,0,0,264
ibZyxXG97YU,1,1,0,0,19.11615385,2,39,32,2,0,3,198
PyXkEfQYcto,1,1,0,0,50.85414634,2,41,39,2,0,1,143
mXPLkewCvWU,1,1,0,0,23.99853659,1,41,28,2,0,0,139
4OcnvlqhNcI,1,1,1,0,22.93774194,1,31,24,1,0,2,140
MmPi_HnTzMU,1,0,0,0,0,0,0,0,0,0,0,166
QJX8K4oVHLQ,1,1,0,0,43.53538462,1,78,68,3,0,8,169
ain-R1NZMqw,1,1,1,0,25.67571429,1,35,32,1,0,3,323
CPjAZ03kWG4,1,1,0,0,26.9565,1,20,20,2,0,0,267
OEnfC5iZeNI,1,1,0,0,18.70833333,1,18,18,0,0,2,283
22fF_SvJGeY,1,0,0,0,0,0,0,0,0,0,0,183
6rPOpdwDdf8,1,1,1,0,12.18433333,6,90,62,2,0,6,157
1O0HO_E8Hhk,1,1,1,0,24.69054545,2,55,41,1,0,0,144
BuQCdrBEkvY,1,1,1,0,7.234285714,2,7,7,1,0,0,77
Z12Wm_NGggI,1,1,1,0,23.69147059,1,34,25,1,0,0,78
okMAWbhRznk,1,1,1,0,24.42852941,4,102,59,2,0,6,184
OB0tDXhOdwg,1,1,1,0,36.36697987,2,149,100,2,0,9,192
zEIqDwiDcBU,1,1,1,0,23.69147059,1,34,25,1,0,0,84
xEdhIXGZsNY,1,1,1,0,72.57853061,2,245,96,1,0,3,74
sWZcPSaLpfQ,1,1,1,0,25.30625,1,24,23,2,0,1,225
sMQKLB_6G2k,1,1,1,0,16.04127273,2,55,38,2,0,4,148
kiNW7tmSQ_4,1,1,1,0,16.04127273,2,55,38,2,0,4,98
RsaptxYQINU,1,1,0,0,22.98428571,1,35,21,0,0,0,96
woQ1lI3vkHA,1,1,1,0,72.25123457,2,243,93,1,0,2,130
fsx3FbD1qNU,1,1,1,0,16.04127273,2,55,38,2,0,4,117
f1_FGi3pFk0,1,1,0,0,22.05666667,2,63,57,2,0,4,175
E3QW_y_tms0,1,0,0,0,0,0,0,0,0,0,0,243
r40-h_srIdA,1,1,1,0,8.35375,1,16,15,0,0,2,147
l_fc0RwSeCo,1,1,1,0,31.2648,1,50,41,2,0,2,230
NzVMK2_FFI0,1,1,1,0,14.922,1,30,30,1,0,2,77
GVbXBSXKrDU,1,1,1,0,23.69147059,1,34,25,1,0,0,149
LKzzIZHUUNQ,1,1,0,0,20.62421053,1,38,37,3,0,5,153
tBu0Mt1J-XQ,1,1,0,0,20.62421053,1,38,37,3,0,5,196
g6J97GkYkAA,1,1,0,0,12.75818182,1,11,11,0,0,0,192
NLaqgRyR_oI,1,1,0,0,28.5616,1,25,24,0,0,2,195
8S8d7YPvucY,1,1,1,0,12.045,1,12,12,0,0,2,229
DTrhneXnshk,1,1,1,0,16.02576923,1,26,25,1,0,3,176
P80OJ3M_GcU,1,1,1,0,13.40675676,2,37,37,1,0,3,196
RwEoKMdXpCc,1,1,1,0,19.78255319,6,141,105,7,0,17,100
NnU_OIqXEVI,1,1,1,0,18.22645161,2,31,28,4,0,3,185
58_GuTFrDn0,1,1,1,0,11.01015969,33,556,310,9,0,75,216
nFN_esLQ2tE,1,1,1,0,21.79095455,8,275,185,4,0,26,346
5wS3qtQyue4,1,1,1,0,10.58666667,10,117,63,3,0,8,291
eBx40CIuGpQ,1,1,1,0,61.15112403,3,344,249,4,0,24,95
T-8O1KcRx_k,1,1,1,0,13.071,4,65,55,2,0,8,162
ug90krgdhGo,1,1,1,0,27.55406056,9,466,297,6,0,57,335
NCbJxrYqxao,1,1,1,0,10.17047962,33,568,286,7,0,74,135
nSuBzZR6llY,1,1,1,0,19.84782609,20,690,342,15,0,91,204
NQS8jdU1pbk,1,1,0,0,13.25630303,3,55,44,3,0,5,312
_77dEEq-IGg,1,1,1,0,39.73,1,3,3,0,0,0,278
3X-yMBviWAk,1,1,1,0,15.40363636,6,132,82,5,0,21,71
E2SkzWC4siU,1,1,1,0,0,0,0,0,0,0,0,142
qO30vMDLTL4,1,1,1,0,10.66669127,15,271,150,8,0,40,177
x2wXOLHojrU,1,1,1,0,19.05073529,2,68,57,2,0,3,204
kzimFznM_XU,1,1,1,0,98.17189944,1,179,111,3,0,28,261
43H1XRARc-s,1,1,1,0,49.47126316,1,95,45,2,0,9,285
_zwShbjPe58,1,1,1,0,16.04651163,2,43,36,2,0,2,135
X1MMArXf7Wc,1,1,0,0,33.5575,1,4,4,1,0,0,307
Te-7MHcUg8M,1,1,0,0,5.62,1,7,7,0,0,1,203
5KW4oBS-270,1,1,1,0,14.75672727,2,55,48,2,0,7,180
SRZlYdQWO3g,1,1,1,0,96.67674157,1,178,101,3,0,16,343
0TYlwWp1f3M,1,1,1,0,26.23304348,5,207,126,9,0,22,355
lnCpoErQeWU,1,0,0,0,0,0,0,0,0,0,0,64
dJv7fFtPKwg,1,1,1,0,10.765,1,22,22,2,0,2,317
hbeWOIkbHJI,1,1,1,0,9.806054422,3,49,40,5,0,5,106
RjWXPfGsgfg,1,1,1,0,27.751,8,390,226,12,0,54,301
oh4VXBNJpdA,1,1,1,0,12.99015625,4,64,57,2,0,7,218
oRmnsUR3jMc,1,1,1,0,9.479428571,6,105,82,4,0,19,219
HRLsi9ufXks,1,1,1,0,16.20692308,10,260,171,7,0,26,140
TSf3bS6ry-8,1,1,1,0,26.8040625,1,32,24,0,0,1,347
OHW3RWgbSM0,1,0,0,0,0,0,0,0,0,0,0,298
3NN1gAa8Mrg,1,1,0,0,8.678,1,15,13,0,0,1,227
7nlW3bUjpxk,1,1,0,0,10.78686747,10,249,147,7,0,51,73
kgODF9YrvLI,1,1,1,0,40.42333333,1,63,50,3,0,5,138
f0njRDGKaTM,1,1,1,0,8.042857143,4,42,37,2,0,5,141
kGPUkvkNebk,1,1,1,1,11.40828571,2,35,33,3,0,4,83
UV51fxVMyx4,1,1,1,0,9.900759494,5,79,62,3,0,15,272
Oc-PEMk2oGE,1,1,1,0,20.50026316,1,38,33,3,0,2,68
_yt-jfmYb-8,1,0,0,0,0,0,0,0,0,0,0,173
jX-bNCbzdUc,1,1,0,0,9.834341085,3,43,36,2,0,5,152
EjbnE4mtUp4,1,1,1,0,16.37351852,8,162,109,4,0,22,169
0mMYDFYKRA8,1,1,1,0,24.499,1,30,27,1,0,2,160
uVaP-2n6yFs,1,1,0,0,12.72615385,3,39,36,2,0,3,244
tjAMHnGdsCA,1,1,1,0,26.504,1,45,32,1,0,2,142
fcVtjdrofjY,1,1,1,1,16.3156,1,25,23,2,0,1,232
ExdNvNYoSDw,1,1,1,0,14.6738764,4,89,62,2,0,15,303
_I-6ZC9d_7Q,1,1,1,0,13.1405,3,60,50,2,0,9,90
mnlMEHA_Xro,1,1,1,1,15.075671,3,77,61,2,0,10,199
7Fq7spdkV8M,1,1,1,0,8.280671775,27,580,239,14,0,130,185
bdCm__RfQVU,1,1,1,0,14.86957983,25,714,359,8,0,145,123
NU10o2EwLlU,1,1,1,0,11.41875,2,16,16,1,0,1,133
I4MD0HH4YWY,1,1,1,1,7.372727273,2,33,28,4,0,6,290
XabAWjsAzqk,1,1,1,1,20.895,1,14,14,2,0,2,131
3dWiRdq1Zrs,1,1,1,0,12.48458333,3,72,58,2,0,5,195
5-qqW_5ee7w,1,1,0,1,14.31454301,6,124,97,3,0,22,71
EvmhmTwuwgo,1,1,1,0,20.4259375,3,96,65,2,0,7,142
5zvUlU_9PJE,1,1,1,0,14.17891892,10,259,111,4,0,19,130
HwrD8N5xgO4,1,1,1,0,3.337421384,6,53,45,2,0,10,228
sWs6feh9Law,1,1,1,0,9.503430657,25,411,225,7,0,46,279
2gLqVr8VVKU,1,1,1,0,14.91334066,7,195,124,5,0,23,332
om9v69-AWg4,1,1,1,0,44.83263158,1,57,39,3,0,2,137
LULcx2jccXU,1,1,1,0,15.38351598,3,73,53,2,0,6,203
pclZlnKxVOM,1,1,1,1,9.191619718,25,426,253,9,0,72,117
imF8uaUD9ww,1,1,0,1,11.1626087,3,69,47,4,0,12,177
40mR5zjxm50,1,1,1,0,23.79432005,14,624,256,11,0,93,244
C6h2NR7QQro,1,1,1,0,11.51128205,3,52,42,1,0,2,231
AuAtzhzmVik,1,1,1,0,20.77933333,3,95,71,3,0,14,88
WZBGlX_f90k,1,1,1,1,19.14780488,2,41,37,2,0,2,232
cV51engpO0I,1,1,1,0,16.66205811,14,472,227,5,0,54,224
tTM1oaEWoEc,1,1,1,0,9.602784891,11,142,100,2,0,17,209
yXj1IzDk2b8,1,1,0,0,11.2975,1,16,16,1,0,3,205
0siAYIk8muc,1,1,1,0,12.21828571,7,115,86,5,0,19,332
vhndIdNZZJg,1,1,1,0,66.673,1,120,95,2,0,7,244
cmUXo4Crrm0,1,1,0,1,9.884736842,1,19,19,2,0,4,192
WIYcAy6P-hE,1,1,1,0,5.562,1,5,5,1,0,1,183
EW55TFDFrZ0,1,1,1,0,16.17682796,12,403,138,8,0,41,205
NWJAoc03TuE,1,1,1,0,8.823,2,40,31,1,0,3,168
FvPZ2k7RS-I,1,1,1,1,11.61071429,2,42,36,2,0,4,136
prFYht1NwmU,1,1,1,0,11.8062069,2,29,25,1,0,2,348
22SuveqQdIc,1,1,1,0,8.110714286,1,14,14,0,0,1,263
rRdi5fesyvw,1,1,1,0,14.33907692,8,130,79,2,0,11,234
0OpaFDuhW1I,1,0,1,0,0,0,0,0,0,0,0,222
TyHc434jxrc,1,1,1,0,6.681265823,5,79,59,7,1,18,160
ir3snqj3X7I,1,1,0,0,13.074,1,15,15,1,0,3,229
dhGvYjHzcIU,1,1,1,0,67.12159664,1,119,94,2,0,7,294
xaaVrAYDSWc,1,1,1,0,14.76971014,9,138,84,2,0,11,69
4yjxdO6ObKM,1,1,1,0,20.605,1,4,4,0,0,0,255
kR_Nz4IMk3w,1,1,1,0,13.69230769,3,39,29,1,0,3,140
RBMuLvBKF3E,1,1,1,0,16.67820513,5,117,80,2,0,13,166
KbHbQ26TBAc,1,1,1,0,13.21333333,3,54,46,2,0,8,135
pWU_TsgvUqE,1,1,0,0,26.3427907,2,43,30,2,0,3,189
ZG5BfVVZr3g,1,1,1,0,28.12642267,7,363,181,13,0,24,339
wwA84LxULBA,1,1,1,0,68.14743802,1,121,97,2,0,7,234
oL-BIcUhxbM,1,1,1,0,13.39585474,16,253,171,5,0,24,351
PqgKFsK7f-Q,1,1,1,0,7.526927083,6,64,48,2,0,9,92
vxjOVTKdZ9g,1,1,1,0,17.98583916,4,143,101,3,0,24,221
bBZXkNbpOGQ,1,1,1,0,16.70142857,6,105,83,2,0,14,350
N1XkzJ_Mu1s,1,1,1,0,9.1236,6,75,67,3,0,15,176
ihqXUL5z5co,1,1,0,1,17.2975,1,28,23,2,0,6,106
C0coWZbO-_E,1,1,1,0,6.166,1,15,15,1,0,3,176
ZofLlDgUSgw,1,1,0,0,13.42857143,1,28,25,2,0,3,215
nRqbLCmWy4A,1,1,1,0,17.87985915,4,142,100,3,0,24,223
4q1n7DOdMdw,1,1,1,0,12.00648649,2,37,32,2,0,8,328
fJPzkzyuMZ8,1,1,1,0,10.765,1,22,20,2,0,4,193
mbD2oAjPU0c,1,1,1,0,14.48170543,3,86,58,2,0,15,154
rM5G3R_GaNE,1,1,0,0,16.62,1,29,27,2,0,5,253
ei9zspwn3Mk,1,1,0,0,12.3785119,3,56,46,3,0,6,128
KP6Zm9vl3FM,1,1,1,1,8.80584507,4,71,54,3,0,9,358
YiQfe-oz2C4,1,1,1,1,0,0,0,0,0,0,0,131
8MPdw-0HbTg,1,1,1,0,59.47554726,3,268,132,4,0,15,172
LQwxNS7ny0E,1,1,1,0,5.050909091,1,11,10,0,0,2,208
Z0qhswMQOeU,1,1,0,0,9.149,4,60,48,3,0,7,85
tG31xcNk4mU,1,1,1,0,2.655789474,2,19,19,1,0,1,238
GHhMSW1ffd8,1,1,0,1,8.5125,1,12,12,1,0,2,134
cNWVU5RkGcQ,1,1,1,0,-0.59,1,4,4,0,0,1,297
wXjQHAxopzk,1,1,1,1,12.754,2,35,33,1,0,5,349
nWgf-odA50Q,1,1,1,1,18.15935897,9,234,140,5,0,19,78
KEUJuirSrJg,1,1,1,0,10.72174667,36,750,346,13,0,111,276
dafRjRtvfck,1,1,1,0,7.747020979,11,195,107,9,0,27,139
s38e-sGGAE0,1,1,1,0,17.86771429,2,35,24,1,0,2,129
I-QDeRnCjp4,1,1,1,0,21.63833333,2,54,37,3,0,4,89
Sj--KXvi80o,1,1,1,0,14.04754545,4,55,55,2,0,6,78
HSoJkzyUaRQ,1,1,1,0,17.67793857,11,370,194,10,1,42,166
sZp9Te-CuqM,1,1,1,0,18.13729167,3,112,83,3,0,23,254
5OmKjrKmZSU,1,1,1,0,29.42043478,1,46,38,2,0,6,187
2EGSqWWa-gY,1,1,1,0,82.69,1,1,1,0,0,0,69
OMTbHmLqm8M,1,1,1,0,17.98342234,21,535,309,14,0,54,231
kwlK1uuJkZQ,1,1,1,1,33.99757282,2,103,76,2,0,6,242
eqmi2ns7CKo,1,1,1,0,14.33,1,15,14,1,0,1,201
fsAJwOAsgac,1,1,1,0,11.50452163,7,109,86,3,0,15,179
oWGuplQfN80,1,1,0,1,16.52142857,1,14,13,1,0,1,110
3mLhSyQoyAw,1,1,1,0,14.25415663,4,83,67,2,0,9,314
BgNpATWfR5Y,1,1,1,0,27.97363636,1,44,37,1,0,4,137
Xo0UNaNbAUw,1,1,1,0,23.65075,2,80,56,1,0,8,143
qvGbNS09cSE,1,1,1,0,9.365878713,16,303,156,9,0,41,162
uZx86qNu-Xg,1,1,1,0,14.88068182,5,88,75,3,0,13,308
Cw0PEknFnsM,1,1,1,0,11.16302889,23,447,228,8,0,66,241
rUSHbKRvGlE,1,1,1,0,8.136239892,7,106,86,3,0,15,229
yTccczphbnU,1,1,1,0,8.904488449,6,101,82,3,0,14,253
3lGIXAgY7b0,1,1,1,1,22.47363636,1,33,29,1,0,3,251
Ce25s6m3RDw,1,1,0,0,26.26350649,2,77,62,1,0,4,144
r825TKvtk1Y,1,1,1,0,35.8477551,1,49,43,1,0,2,235
L6pJrxmDYEI,1,1,1,0,56.37225537,4,419,192,4,0,16,326
xblFEe9uOqQ,1,1,1,0,30.34962162,8,370,237,4,0,48,230
pgUA4ScsRWQ,1,1,1,0,17.62729508,15,366,244,4,0,33,314
t32eoUB42rw,1,1,1,0,18.13673067,18,434,284,8,0,42,211
IO6XF9RPjC4,1,1,1,0,6.052187858,9,97,83,2,0,10,97
CnsxqAVw97Y,1,1,1,0,48.43255618,4,356,261,4,0,29,276
bWlf8ap1GwM,1,1,1,0,17.48684211,3,57,45,3,0,3,120
nMER_XZYvL4,1,1,1,0,47.60525568,4,352,255,4,0,27,126
vaQovAK7Y_s,1,1,1,0,12.533,10,180,127,4,0,19,94
kAuqepcXRbM,1,1,1,0,10.62842105,1,19,18,0,0,5,200
F7x_2f7uQyc,1,1,0,0,3.626458333,3,32,30,2,0,7,346
Pz_f5mEid3A,1,1,1,0,22.11071429,2,84,66,4,0,16,155
JAso88uF334,1,1,1,0,22.28211712,3,74,52,2,0,4,282
I3NIfILcdYY,1,1,1,0,0,0,0,0,0,0,0,162
7MEdFIXTHP4,1,1,1,0,25.92935632,3,145,99,4,0,19,203
G6UPq5j2g9A,1,1,1,0,12.60136364,4,77,66,4,0,8,128
LZexnAq4hd4,1,1,1,0,7.76675,10,120,74,4,0,22,194
SenZ6Hs4uWo,1,1,0,0,22.27486486,1,37,36,2,0,3,310
oggVXOor1x8,1,1,1,0,11.5578,4,75,59,2,0,7,233
Bx5upv_Wzso,1,1,1,0,9.017105263,2,38,33,3,0,5,299
jROu0Mo3A9M,1,1,1,0,10.45640276,26,479,263,9,0,47,195
bjqdVJysROU,1,1,1,0,90.73551136,1,176,96,2,0,40,235
UiJz_MDuJvM,1,1,1,0,18.93444444,1,27,25,3,0,4,256
peMHlUpUsl8,1,1,1,1,26.14168874,4,151,94,3,0,10,60
xnumT2J8CVQ,1,1,1,0,10.96681592,3,67,53,5,0,17,201
88N5kx7WjZY,1,1,1,0,10.43859091,11,240,130,4,0,34,276
L-kL76crR70,1,1,1,0,13.74323077,5,130,78,6,0,22,81
G3_iuZTgKoQ,1,1,1,0,16.60586709,28,603,332,11,0,73,266
5pURzPRdELY,1,1,1,0,11.003125,1,16,16,1,0,3,145
IRif-HhwMT0,1,1,1,0,17.37434783,3,69,51,3,0,7,122
HdtRu5ZU9Y8,1,1,1,0,17.87279412,8,255,166,3,0,36,104
z1AOtMEA-Yg,1,1,1,0,13.46845,25,600,333,8,0,54,243
adkRbjqiPLI,1,1,1,0,15.9162069,3,87,63,2,0,16,289
AstsUAR8j5Q,1,1,1,0,9.693488372,2,43,36,1,0,8,96
g4MwvHyiJs0,1,1,1,0,10.63971429,28,560,304,10,0,71,334
85CksrhnPCM,1,1,1,0,13.11252327,34,853,378,10,0,112,299
zVzkZyj8etU,1,1,1,0,12.92453183,13,313,169,10,0,38,155
IgvAo4D-x90,1,1,1,0,8.23554426,37,654,305,14,0,91,255
rOPHv5YKvh4,1,1,1,0,14.73110777,28,737,344,8,0,77,208
ck26dVYJF_0,1,1,1,0,8.811578947,5,57,48,1,0,8,98
Z-cxMdEvsZM,1,1,1,0,11.1692823,22,418,237,7,0,40,196
JbfUuvjcOtQ,1,1,1,0,8.791011455,35,661,310,12,0,83,168
Ea5vcpjOzxw,1,1,1,0,4.746428571,1,14,14,0,0,2,198
F1YDR2S7SPU,1,1,1,0,22.08104247,7,185,138,2,0,19,188
W3xE6BRra2g,1,1,1,0,21.18010096,13,480,249,8,0,52,172
zTlQ8kHUiEw,1,1,1,0,22.72952381,2,63,49,1,0,6,276
V3D4Uz_rH5U,1,1,1,0,12.55413961,22,448,266,7,0,41,287
ikhiHRkPK48,1,1,1,0,7.796571429,32,420,249,6,0,40,66
hUR5mKngvf0,1,1,1,0,44.34428571,1,84,59,3,0,15,239
8mJAWile3gY,1,1,1,0,17.77763754,3,103,79,3,0,13,195
LDlLfsmk1DE,1,1,1,0,10.86153333,9,150,97,4,0,21,100
ft9-Qcyup6g,1,1,1,0,12.25362185,9,181,128,3,0,17,201
r9FkL9UacHQ,1,1,1,0,17.09190476,9,252,152,4,0,15,225
05ZltS-7Mto,1,1,1,0,11.73786165,42,740,381,13,0,94,341
29KdXZH0niA,1,1,1,0,13.15079096,3,59,45,4,0,5,124
MPfBGjP-cQs,1,1,1,0,9.326973684,4,76,59,3,0,8,314
Eu0O4AQkiTk,1,1,1,0,20.30271186,2,59,41,1,0,2,260
_QlTCcel4S4,1,1,0,0,9.218888889,4,54,42,2,0,8,79
Wa6_y3X0U48,1,1,1,0,23.02207317,2,82,66,3,0,10,281
Kjx8ZeyLBIY,1,1,1,0,10.44327758,31,486,285,9,0,61,290
e4ECyfNFwp0,1,1,1,0,10.82299077,29,508,299,9,0,67,287
MgNMqoiJLrw,1,1,1,0,15.0663388,6,122,101,3,0,9,286
_y1_QUn0lxE,1,1,1,0,6.794,1,15,14,1,0,1,110
JhT78beq9Xg,1,1,1,0,0,0,0,0,0,0,0,93
EzFh51o__oU,1,1,1,0,16.18,1,3,3,0,0,0,148
aIajWL5eocw,1,1,1,0,50.15788732,1,71,50,2,0,3,307
LqMxWPmxylY,1,1,1,0,37.75545455,1,55,36,1,0,3,200
KFdy6Jk09t8,1,1,1,0,22.16810127,2,79,50,2,0,2,60
jQnYSydwi4M,1,1,0,0,23.58708333,2,72,66,5,1,8,105
d86DofYpkrY,1,1,1,0,27.24131004,5,229,159,5,0,19,340
hObQ3CEN-mg,1,1,1,0,10.3725974,7,77,66,4,0,15,208
DCwNR3r217I,1,1,1,0,17.99277778,24,540,350,5,0,34,351
ypYg1a4uIJs,1,1,1,0,18.13823204,5,181,109,3,0,32,103
Nujyif7MkMA,1,1,1,0,43.81396226,5,318,175,5,0,30,292
q74l-ecOi_8,1,1,1,0,22.53740119,19,755,378,15,0,96,222
rJw5PfIqlcQ,1,1,1,0,12.76,1,15,13,1,0,2,360
LqWL4iM6AHs,1,1,1,0,53.39315217,1,92,59,2,0,4,207
al2u0BSWbu0,1,1,1,0,12.11578947,2,38,35,1,0,5,104
oSXdRrRSmjw,1,1,1,0,13.62,1,23,22,2,0,2,127
CV46E7l4Qww,1,1,0,0,36.0062,3,150,99,2,0,6,357
7baGUWm7gYw,1,1,1,0,7.811764706,5,68,59,3,0,8,246
fTYFsf1eFIg,1,1,1,0,42.09914286,1,70,55,2,0,4,190
sP3mXrIhIE0,1,1,0,0,8.783571429,1,14,14,1,0,3,183
3tT7A_5E3HY,1,1,1,0,-7.05,2,1,1,0,0,0,195
ZHi_A6tC40Y,1,1,1,0,10.95857143,2,21,20,1,0,2,125
z_3S2_41_FE,1,1,1,0,15.42377271,9,263,171,3,0,27,300
PpuiO6WJxic,1,1,0,0,8.476363636,1,11,11,1,0,0,258
HE-erLKq1T4,1,1,0,0,8.977073171,5,41,37,2,0,6,271
t8sIioCX0lk,1,1,1,0,20.35577731,8,357,164,7,0,44,120
UowWA-8TiyI,1,1,1,0,16.63083333,3,80,57,3,0,6,138
sXB1M0jqU2g,1,1,1,0,8.373,4,45,29,2,0,4,245
oIdrn7hLbGk,1,1,1,0,14.625,1,36,24,1,0,8,178
LeG45M4XTjA,1,1,1,0,34.23351916,5,287,175,6,1,27,332
YsxwEBgdTsM,1,1,1,0,0,0,0,0,0,0,0,84
gBNsX6sgALM,1,1,1,0,23.46083232,9,275,207,5,0,18,282
34CZ3w2kQok,1,1,0,0,12.83,1,12,12,1,0,2,158
#NAME?,1,1,1,0,61.34184,1,125,73,4,0,18,197
nTqmWLAksmk,1,1,1,0,17.83009416,17,581,272,11,0,64,248
YSX4UvOl_Rs,1,1,1,0,18.672,2,75,55,3,0,9,70
2ehuLjwS-nI,1,1,1,0,11.64170635,14,324,185,7,0,42,91
3h4FpkGQWkA,1,1,1,0,9.665961538,8,156,100,3,0,24,136
CbRWvj2VYHw,1,1,1,0,6.757029591,37,527,249,10,0,89,69
ZW8UlgqKgfg,1,1,1,0,21.7014916,16,714,284,17,0,112,291
KY8BkJCNfkE,1,1,1,0,9.91539627,33,468,247,8,0,64,218
ZMzsVSHfSC0,1,0,0,0,0,0,0,0,0,0,0,280
DKjmNVCZhsA,1,1,1,0,9.01,2,15,14,1,0,1,179
X8G1YkurALI,1,1,1,0,5.146153846,5,52,42,1,0,8,191
1LWuG1lOXJs,1,1,1,0,7.569577922,11,168,112,6,0,23,291
_GmJnEVmXAY,1,1,1,0,10.9425,1,20,19,2,0,2,97
uPAIBhTrJQc,1,1,1,0,5.3725,1,12,11,1,0,2,264
e-_mR0ep764,1,1,1,0,18.97964286,1,28,25,1,0,1,60
ZoH8U5HqyWE,1,1,1,0,8.057352815,13,179,123,3,0,16,150
Xe_LsrAKP6U,1,1,1,1,12.17043478,2,23,22,2,0,2,134
cVMkir5H14E,1,1,1,0,10.13458425,9,151,99,3,0,25,268
O7PKOMcogOU,1,1,1,0,18.69916667,3,72,52,2,0,7,242
MUWG_OGtg2Q,1,1,1,0,13.62267442,5,86,67,3,0,8,269
HOu693SV4e0,1,1,1,1,7.596666667,3,36,33,1,0,4,113
3BRyGcTlZsU,1,1,1,0,10.6447619,3,35,32,2,0,3,356
gkLpD8yqOow,1,1,1,0,18.56229437,3,77,68,3,0,7,200
2fp4JYWPyQM,1,1,1,1,38.18283489,3,214,127,3,0,17,241
5OxWh7XMi-I,1,1,0,0,4.37,2,9,9,1,0,0,264
S8__zp7PdZM,1,1,1,0,29.55311321,2,106,80,2,0,6,314
he1RxQSTV9g,1,1,1,0,12.25107143,1,28,26,2,0,4,176
tqnjNOqxk4M,1,1,1,0,12.28666667,3,61,44,2,0,4,115
w7-JBjJgKS4,1,1,1,0,0.41,2,12,12,2,0,2,110
IRV2wWm6BQk,1,1,1,0,9.489466667,3,25,23,2,0,4,229
A_9k8dFdPe4,1,1,1,0,15.37842105,2,57,48,2,0,6,228
pCYzP-dVNNQ,1,1,1,0,16.05576857,6,193,119,5,0,38,127
JfWUj-mjfFY,1,1,0,0,9.792857143,1,14,14,1,0,1,268
0nEpnSD_Pt4,1,1,1,0,4.765454545,3,33,29,2,0,7,182
vwIyulPnXcg,1,1,1,0,31.03473451,5,226,143,4,0,15,332
IQy6E5aVUzo,1,1,1,1,35.44976744,3,129,95,2,0,15,163
tRdKOIi6hYU,1,1,1,0,12.90326087,4,92,70,2,0,12,271
jHZt0naRnbM,1,1,1,1,15.66265766,3,74,57,2,0,8,218
UvWUiiK4ATg,1,1,1,0,11.19,2,30,26,2,0,2,310
gsqA44mM4Kc,1,1,1,1,6.965714286,1,7,7,0,0,0,249
_6L8liyKl24,1,1,1,0,23.68071429,1,42,29,1,0,2,330
z-Tz9R6ctsc,1,1,1,0,15.36360947,10,169,117,3,0,17,254
Qh2H2HRcnqA,1,1,1,0,16.43285714,1,21,20,2,0,4,64
iAGkZmwB9XM,1,1,1,0,19.04199596,9,275,177,6,0,22,196
oXslctvrMzw,1,1,1,1,11.8845,2,40,36,1,0,3,134
#NAME?,1,1,1,0,20.96046218,7,238,153,3,0,27,357
yr8F0QjjXqc,1,1,1,0,14.54515789,5,95,75,3,0,10,341
bj44NIEEES8,1,1,1,0,20.0832646,3,97,65,2,0,8,102
HFGJ0zeRXt4,1,1,1,0,13.47466667,2,45,38,4,0,7,237
Do9GCDryT3k,1,1,1,1,19.47636364,1,33,30,2,0,5,222
vkw22d8ZAe0,1,1,1,0,19.94302768,17,578,265,7,0,61,334
EwvdgomJH20,1,1,1,0,23.68071429,1,42,29,1,0,2,344
G5Tp0MjZ5_g,1,1,1,0,0,0,0,0,0,0,0,240
9hi8suRBSSE,1,1,1,0,8.52224359,3,52,44,2,0,5,96
Qlf3D-sfaBo,1,1,1,0,10.63083333,3,44,40,2,0,8,137
_HmRSMINhiM,1,1,1,0,10.75958496,37,743,356,12,1,115,321
A4mv0pLQwhU,1,1,1,0,21.80920935,19,669,308,7,0,69,353
BoT0Qv0BIZs,1,1,1,0,19.9782365,14,418,241,10,0,47,170
FInJq_xKLH4,1,1,1,0,3.784912892,7,41,33,1,0,3,84
WjyQTmJBXFg,1,1,1,0,10.272,1,5,5,0,0,1,155
fVMvY_Lsqzw,1,1,1,0,14.626,2,45,35,2,0,6,289
PdH2Gp9OeFk,1,1,1,1,18.79806647,10,331,205,7,0,41,100
cBqeRuCUN0M,1,1,1,1,10.79384615,1,13,13,1,0,3,158
EEd7jqaE2eg,1,1,1,0,10.21863636,10,132,111,2,0,10,123
Mlx_eXtHRgQ,1,1,1,1,14.52166667,1,18,18,1,0,2,145
deH1uzXA1ik,1,1,1,0,17.84875,6,144,97,6,0,11,188
P1gB0RTqi-I,1,1,1,0,10.31746583,37,619,334,8,0,82,327
Wtof98E8cC4,1,1,1,0,12.54571392,34,688,346,12,1,85,319
xpwzITnRnsY,1,1,1,0,26.00890244,6,246,151,2,0,17,199
qo4C346bBzg,1,1,1,0,15.73642857,3,42,33,1,0,4,142
9NkF6BPrxpA,1,1,1,0,14.656,1,10,10,1,0,2,75
tMda6xUG7x0,1,1,1,0,13.42333333,1,9,9,1,0,1,171
qk-wXGltml4,1,1,1,0,14.34388805,23,574,335,8,0,74,274
ZgM0t_tymm8,1,1,1,0,83.75264516,1,155,107,3,0,8,207
iQlQrrdCb8Q,1,1,1,0,13.93421053,5,76,67,2,0,8,147
v9zPQhOban0,1,1,1,0,33.533,1,60,46,2,0,6,104
eaT7dD7yH2U,1,1,1,0,14.12591837,7,147,105,2,0,12,112
AHrwJVzlPXY,1,1,1,0,13.08181818,2,33,31,2,0,6,154
jvg8EmtWF78,1,1,1,0,13.81472727,2,55,43,1,0,8,127
3de-0kM_Jio,1,1,0,0,18.71348485,3,88,70,4,0,11,165
mfbu8Hjpftc,1,1,1,0,11.98768393,19,382,233,6,0,63,353
yZ4PYgjCwZI,1,1,1,0,3.979130435,2,23,18,1,0,3,263
txtSY00UdZ4,1,1,1,0,4.388695652,2,23,23,2,0,3,155
zntOR3hTmkY,1,0,0,0,0,0,0,0,0,0,0,112
qfY6X-nA6uE,1,1,1,0,16.9127722,7,185,123,3,0,21,302
D7dJt0pVmHM,1,1,0,0,47.67842697,1,89,61,3,0,7,284
jKfKjLNzkko,1,1,1,0,13.53022152,16,316,199,6,0,29,267
WFRuW80TRg8,1,1,0,0,2.62,1,1,1,0,0,0,66
ceHKkg5Mm88,1,1,1,0,16.97363636,1,22,19,1,0,2,257
kJuRgh3yS6E,1,1,1,0,23.713125,1,32,26,0,0,5,206
O6A6i50C13k,1,1,1,0,29.77551724,1,29,26,0,0,2,209
EXNLA6j2x0M,1,1,1,0,0,0,0,0,0,0,0,289
XScxvR3XHhc,1,1,0,0,13.533,1,20,19,1,0,0,355
U0S_0nu1TJM,1,1,0,0,30.88,1,1,1,0,0,0,324
Ftm3uxhdP7w,1,1,0,0,15.41875,1,16,16,1,0,0,336
JlHXd8BU8Nw,1,1,1,0,12.115,2,18,16,0,0,1,233
tKHXLTJ5ISA,1,1,1,0,11.55608696,2,23,19,0,0,2,213
hbLdXC3wHGE,1,1,1,0,9.738119266,25,436,258,8,0,50,162
VStR7iOeR0E,1,1,1,1,9.441368683,23,419,257,9,0,71,111
x2I9jE7VkOY,1,1,1,0,20.7472973,3,111,77,5,0,15,95
AR2MpzKboCc,1,1,1,0,10.44,2,27,26,2,0,5,289
iNAyZ0VE03s,1,1,1,0,13.40295181,4,83,74,3,0,7,137
b5iUpyfbxZE,1,1,1,0,15.02942308,2,52,43,2,0,7,358
vhlFq7NRa78,1,1,1,0,21.26068627,6,238,126,15,0,36,124
ITcU_94MU0k,1,1,1,0,17.44817352,3,73,60,3,0,3,222
lxSVI-OmpiA,1,1,1,0,13.66120567,3,47,37,3,0,2,149
FHdJUEvoBWc,1,1,1,0,15.04466667,2,45,42,2,0,4,308
w2fYQyikrts,1,1,0,0,12.36889831,4,59,54,3,0,10,95
pobWbWcsHsQ,1,1,1,0,13.36089623,8,159,110,5,0,20,111
g_IcjeeRSnw,1,1,1,0,35.96157464,3,163,125,2,0,12,168
3exBHVItHZo,1,1,1,0,3.17625,1,8,8,0,0,0,193
NI79s7lcW-4,1,1,1,0,15.52866906,10,278,168,7,0,33,227
IT8ORemILrA,1,1,0,0,19.605,1,2,2,0,0,0,140
1ogTxqidSTU,1,1,1,0,4.779516129,4,31,28,1,0,1,290
M9LCBJvodR4,1,1,1,0,46.46847458,1,59,50,2,0,4,334
5a2RGCYehVA,1,1,1,0,10.615,1,6,5,0,0,0,248
bAD45qPAE1M,1,1,0,0,9.33,1,5,5,0,0,0,114
qE9qG0pvIMM,1,1,1,0,6.965714286,1,7,6,0,0,0,211
TfLY7i9SHAo,1,1,1,0,43.05693878,1,49,40,2,0,4,269
xwqn3nm5M1o,1,1,1,0,19.48428571,1,28,20,1,0,6,120
62DRz0MGvt4,1,1,1,0,17.28157895,2,19,16,0,0,2,237
AD7hssdXtKk,1,1,1,0,25.56161765,2,68,62,0,0,4,209
vxDvJD2lTpU,1,1,1,0,19.60603774,6,159,109,5,0,14,62
Z4VdCpLDlU8,1,1,0,0,6.1575,4,48,40,0,0,3,124
r0V9RMM6mHA,1,1,0,0,12.772,1,10,10,1,0,2,145
z4BztMU6cVA,1,0,0,0,0,0,0,0,0,0,0,241
o3QNkVPxkoA,1,1,1,0,9.8435,3,60,49,2,0,2,243
ikZ4C_IAi4g,1,1,1,0,47.45931507,1,73,34,2,0,1,230
XCyEXh87Y18,1,1,1,0,29.40961538,4,156,82,1,0,5,223
6HGS4OvzDZ4,1,1,1,0,44.22896104,1,77,51,2,0,2,109
V81V1-rpgBk,1,1,0,0,16.00426606,4,109,80,4,0,8,141
G6LyE-hSKCE,1,1,1,0,41.79070796,2,113,70,2,0,13,235
BRl8Um_w0oE,1,1,1,0,19.25164384,6,219,148,4,0,20,338
CCBEfQjf9NY,1,1,0,0,14.84324522,28,762,397,12,0,115,183
KZAlMTVB0Iw,1,1,0,0,21.19204918,4,122,87,4,0,9,358
DWUfuxjyFvI,1,0,0,0,0,0,0,0,0,0,0,176
7okPuz_xBIs,1,1,0,0,10.66926267,20,434,264,13,0,53,110
wUhuhjua3G0,1,1,1,0,15.60651741,3,67,61,4,0,7,168
8yGN1keG_yo,1,1,1,0,8.447142857,1,14,14,0,0,1,299
K2iSs8d91GM,1,1,1,0,15.71790698,2,43,37,2,0,3,83
VlM8xe3dG54,1,1,1,0,19.66027397,4,146,101,5,0,17,154
LhffntG2kV0,1,1,1,0,8.615357143,2,28,26,1,0,4,85
cf-EJMCTuw4,1,1,1,0,4.183913043,2,23,19,1,0,3,72
XVw4bv3DcqU,1,1,0,0,34.53068966,1,58,51,5,0,11,70
uVKeRI8BxV8,1,1,1,0,9.802173913,10,69,54,1,0,7,184
BP99t8DaXVU,1,1,1,0,18.90545455,2,66,49,4,0,7,187
BzsiHxvGUI4,1,1,1,0,26.33401596,8,376,234,7,0,66,260
AVJwcwbL054,1,1,1,0,13.46588235,5,119,82,8,0,12,274
KrtbQ4IDozU,1,1,1,0,17.61590909,1,22,22,3,0,3,122
IADGa54WKGU,1,1,0,0,106.7162857,2,420,211,2,0,45,193
kjMq07ldpMo,1,1,0,0,39.34914894,1,47,41,0,0,0,196
741zzJKojhY,1,1,0,0,9.76,1,9,9,1,0,1,264
DECKE-ZJbSE,1,1,0,0,20.98875,1,24,23,2,0,1,270
kY9clp_6Fg0,1,1,1,0,45.3815493,1,71,45,2,0,2,219
byp1gWzXmDw,1,1,0,0,24.544375,1,16,16,0,0,1,123
HkiGAos_TBs,1,1,0,0,146.0730357,1,280,220,2,0,6,277
Iy20E7SrqUc,1,1,0,0,27.045,1,42,28,1,0,0,170
YCeVI-npnMY,1,1,0,0,24.96,1,8,8,0,0,0,81
0Do3gn6631Q,1,1,1,0,14.3625,1,8,8,0,0,0,319
TV9kT-ZTZko,1,0,0,0,0,0,0,0,0,0,0,209
dEHdD39EH4k,1,1,1,0,12.98892857,2,28,27,1,0,5,253
cOuJgwSL1mo,1,1,1,0,18.24413793,2,58,44,2,0,4,77
uobFhdaPPks,1,1,1,1,13.36451613,2,31,30,0,0,4,253
2TlmmzVSe9o,1,1,1,0,22.17862944,5,197,128,7,0,29,163
yO8jYyMSr28,1,1,1,0,26.87764706,1,34,30,1,0,3,210
fv7hUTdQsoo,1,1,1,0,4.335,2,12,12,0,0,1,115
KINeFbp0LSI,1,1,1,0,11.61636364,3,33,32,2,0,5,303
knXSucCKnmM,1,1,1,0,8.33,1,3,3,0,0,0,109
t8maFBs4w3k,1,1,0,0,16.12875,1,8,8,0,0,1,343
45v0A3zIvTs,1,1,1,0,10.97035714,2,28,23,1,0,3,81
is9Q5ZmuhqY,1,1,1,0,11.58012397,32,484,244,7,0,63,271
E23K2gZYlIQ,1,1,1,0,21.96140351,6,171,126,5,0,17,320
X8Huth0F3SE,1,1,1,0,7.53125,2,24,22,1,0,0,262
aSjsLZh-zgY,1,1,1,0,3.045294118,2,17,15,0,0,0,126
GCZHEDiPlVY,1,1,0,0,23.51971429,2,35,28,2,0,4,194
rrq0ZBW2_Ag,1,1,1,0,3.55,7,42,40,1,0,2,306
lhJUYv8SKFs,1,1,1,0,32.10538462,1,52,44,1,0,5,246
DcYxLHBjxaE,1,1,0,0,15.76,1,21,19,2,0,3,129
Kw2XP44oEQM,1,1,1,0,36.09050847,2,118,74,2,0,10,263
3RmIqdiy2Z0,1,1,1,0,16.86748858,3,73,64,3,0,11,342
FUcolnh40HA,1,1,1,0,13.74627907,6,129,92,3,0,17,192
hksG3vPGLyk,1,1,1,0,35.16336283,2,113,82,3,0,16,176
7QokaQsofzs,1,1,1,0,14.57282443,5,131,97,4,1,13,91
KgGm-QgX1_4,1,0,1,0,0,0,0,0,0,0,0,110
YCflqB0nJ48,1,1,1,0,8.262985507,6,115,78,6,0,27,60
4VgOavmhVsQ,1,1,1,0,7.55,3,42,37,2,0,6,62
1FecOjMsgMw,1,1,1,0,12.55941176,1,17,17,1,0,2,311
mVUuREjXKXw,1,0,0,0,0,0,0,0,0,0,0,108
Q_70nwRIkHU,1,1,1,0,7.98,1,18,14,0,0,0,154
_RaaAzOx5vA,1,1,0,0,13.12,1,22,21,2,0,0,153
UMgmDB59rNs,1,1,0,0,30.08178571,1,28,27,2,0,3,301
9FbdOxfyll0,1,1,0,0,6.567681159,6,46,31,1,0,1,127
TbhMjm-qhWE,1,1,1,0,17.61590909,1,22,18,2,0,1,156
X_qSzk-68_A,1,1,1,0,15.64354839,2,31,26,0,0,2,199
NolRQFcKuxk,1,1,0,0,19.97388889,4,27,21,1,0,0,211
yEbAC4hIKCg,1,1,1,0,56.50090909,2,165,81,2,0,2,183
2ixxO7ErK-E,1,1,1,0,24.91290323,1,31,28,0,0,5,198
7DaDVmNKSUE,1,0,0,0,0,0,0,0,0,0,0,249
9f5n4DhiIUo,1,1,1,0,68.76654545,1,110,67,2,0,2,231
crobws1Rx38,1,1,0,0,12.22,2,9,9,1,0,1,155
sPCrzROlrqE,1,1,1,0,30.84125984,12,762,365,4,0,48,250
tLA3qRBLj3c,1,1,1,0,15.61535714,1,28,24,0,0,1,205
RWucpVEBJFA,1,1,0,0,10.24125,1,8,8,2,0,0,239
eF4vqpoTD0M,1,1,1,0,10.55230769,3,39,35,3,0,6,146
GLHmlZeVT6w,1,1,1,0,18.44246154,2,65,51,1,0,4,322
CuipeYchxKE,1,1,1,0,13.29285714,5,105,70,4,0,17,70
XA-uXlaUk-Y,1,1,1,0,22.30792208,12,462,283,10,0,58,275
ryTyKJFnOv4,1,1,1,0,17.73383721,8,258,157,7,0,36,209
IJuP9F-U3Kc,1,1,1,1,19.90454545,1,33,31,1,0,3,229
Fb08d7jlhss,1,1,1,0,21.05754717,2,53,46,3,0,6,75
g3XPxYF3Iis,1,1,1,0,23.09249783,18,641,336,6,0,65,235
lYVSlpqxmBE,1,1,1,0,47.61930595,4,353,260,4,0,26,247
0QvfSH19kFM,1,1,1,0,14.71333333,3,63,49,2,0,6,200
U5VVSCVJt_w,1,1,1,0,17.4144831,11,277,153,4,0,23,356
PHLL3T78n9A,1,1,1,0,14.22518628,13,287,163,5,0,34,121
iNgqpAiVb50,1,1,1,0,104.6127411,1,197,126,4,0,17,150
OFl_bKVYsPo,1,1,1,0,13.27263158,3,57,52,5,0,5,301
mD_qpFJVKcw,1,1,1,0,16.73844749,9,219,145,4,0,24,263
QxvqNJTJ9aA,1,1,1,0,26.51543689,5,206,139,2,0,17,216
XuQ92dchS7E,1,1,1,0,30.58697342,6,326,167,5,0,48,165
wY8iGyf9Au4,1,1,1,0,14.88430108,3,62,47,2,0,6,211
zhg1dcobM0U,1,1,0,0,20.01311594,3,92,68,3,0,8,265
SgFsfEds7DY,1,1,1,0,29.321,4,195,133,5,0,18,169
KLoaYPXlWHM,1,1,1,0,15.091,2,50,40,2,0,5,259
Bu-V-VS3PRE,1,1,1,0,29.17607692,4,195,133,4,0,18,300
QHE4WxGIHug,1,1,1,0,15.22379487,9,195,131,4,0,19,159
nHte2xl60ec,1,1,1,0,25.34517442,4,172,116,4,0,17,183
uX642OcjJ8E,1,1,0,0,20.05096774,3,93,72,3,0,10,214
AI-edvZx2GU,1,1,1,0,3.642,1,20,18,0,0,4,121
M278Lo83cVY,1,1,1,0,17.40181818,1,22,21,2,0,2,250
5V0oRu0wvmw,1,1,1,0,9.382806324,23,275,167,5,0,31,183
9iW7UrH4YyQ,1,1,1,0,15.2794335,7,174,93,5,0,18,95
IXD07Xp45cc,1,1,1,0,5.923928571,2,28,24,2,0,7,87
ZBVtGlFq-MU,1,1,1,0,23.08410596,5,151,112,2,0,12,188
0zot0BS1-x4,1,1,1,0,15.71196517,6,134,91,4,0,18,130
IZObgO741Jc,1,1,1,0,17.74673077,4,104,78,3,0,9,211
sMH7o2DJDxI,1,1,1,0,20.5665493,4,142,96,4,0,13,134
l-B2pCcNibc,1,1,1,0,39.64639344,1,61,53,2,0,5,137
fHui_Q6ld10,1,1,1,0,8.738992248,3,43,38,4,0,7,331
IVH_6ciQfZk,1,1,1,0,19.29648144,13,371,220,6,0,47,191
8W8rlLrT2IE,1,1,1,0,16.38456522,2,46,40,3,0,3,114
tXKGasTUxNI,1,1,1,0,24.1529979,9,371,197,5,0,48,202
B-Po2Oxop88,1,1,0,0,0,0,0,0,0,0,0,70
_PK9ZT-I2v0,1,1,0,0,14.69,3,66,49,1,0,7,168
Y7m4J09lEKA,1,1,1,0,13.062,2,40,34,2,0,5,178
sQ-0RkPu35o,1,1,1,1,12.14785714,1,14,14,0,0,1,113
RJ0QBsHHrvo,1,1,1,0,26.67223404,2,94,77,3,0,16,120
Tv7-2r8Ki1U,1,1,1,0,16.66733333,5,90,75,2,0,12,241
X17Q_RPUlYo,1,1,1,0,16.76454545,1,33,31,2,0,1,65
uWGTis_zlgk,1,1,1,0,13.42176189,13,241,155,8,0,33,287
QG2Kr3i9gbc,1,1,1,1,35.44526718,2,131,96,2,0,18,86
WeLPalujddI,1,1,1,0,13.53444444,5,81,66,7,0,12,122
Jl77C9JQa1I,1,1,1,0,7.895384615,1,13,13,0,0,2,207
x4-mMs7Q6gs,1,1,0,0,12.22871795,3,65,51,3,0,10,173
cVzy4kCgv5A,1,1,1,0,10.64682927,2,41,34,2,0,5,83
0eQwcA_pUTc,1,1,0,0,12.39571429,1,21,18,1,0,0,251
7cEd2ZrItNg,1,0,0,0,0,0,0,0,0,0,0,255
W9OyCPDBPr0,1,1,0,0,18.65470588,1,17,16,2,0,1,319
F_eeAS02-T4,1,0,1,0,0,0,0,0,0,0,0,166
hRh_8LLYlbo,1,1,1,0,10.29863636,4,66,50,3,0,5,201
D9KZEjs6wTY,1,1,1,0,14.73354801,7,122,88,3,0,18,118
KvGhlbYxeOE,1,1,1,0,17.46763441,6,155,114,7,0,17,61
vC6eZxbVmHo,1,1,1,0,11.782,1,30,25,1,0,4,153
orqdxsg-Dr4,1,1,1,0,29.07492327,9,362,202,8,0,40,326
kQHd4P8NhRc,1,1,0,0,13.358125,1,16,15,1,0,1,268
M3scItIB954,1,1,1,0,12.46603489,23,501,279,7,0,52,168
rIOrRCiRQnU,1,1,1,0,20.24309071,7,263,135,4,0,45,164
O4FRpaoYlP0,1,1,1,0,18.94327119,23,695,331,14,0,75,318
v-qDrg6FOok,1,1,1,0,28.49358262,7,319,198,10,0,34,295
xVfuDXjCC1o,1,1,1,0,34.75157895,4,228,132,6,0,20,105
rIWb2vlUNaM,1,1,1,0,8.673227969,36,580,284,8,0,77,205
th8mj7pZFlw,1,1,1,0,16.26730769,3,78,56,3,0,9,140
wJykz_Eg1G4,1,1,1,0,9.632,3,30,28,2,0,3,232
#NAME?,1,1,1,0,24.7431383,4,188,116,3,0,14,188
1WrdzNJ4A44,1,1,1,0,12.86913201,7,158,107,3,0,13,268
