,video_ID,has_title,has_description,has_tags,cosine_similarity,accredited,readability,sentence_count,word_count,word_unique,transition_words,summary_words,active_verb,duration,mer_count_x,transcript_sentence_count,transcription_confidence_avg,transcript_wordcount,transcript_unique_wordcount,transcription_active_wordcount,transcription_summary_wordcount,transcription_transition_wordcount,unique_obj_count,scene_count,OCR_confidence_avg,mer_count_y
0,ZtVoHOayVmg,True,True,True,0.123091491,False,6.083846154,2,26,24,1,0,4,218,2,36.0,0.888718466,530.0,222.0,105.0,0.0,23.0,56.0,41.0,0.827376064,2
1,UGOoeqSo_ws,True,True,True,0.048621664,False,15.70632493,16,367,178,9,0,44,317,25,58.0,0.943194878,991.0,277.0,201.0,0.0,70.0,43.0,12.0,0.897035461,6
2,Ab9OZsDECZw,True,True,True,0.062994079,False,15.03569718,7,167,108,2,0,20,272,9,13.0,0.843059316,160.0,99.0,18.0,0.0,3.0,48.0,25.0,0.854175884,5
3,qWti317qb_w,True,True,True,0.11785113,False,9.007857143,3,42,34,2,0,4,169,3,31.0,0.946466775,391.0,144.0,41.0,0.0,22.0,45.0,25.0,0.875989181,1
4,8efeQ8H5cRg,True,True,False,0.084215192,False,24.84535211,2,71,61,3,0,8,126,5,19.0,0.971678734,418.0,174.0,59.0,0.0,23.0,10.0,2.0,0.979401398,21
5,V04zDVXMbuw,True,True,True,0.060858062,False,12.61802956,10,203,121,4,0,23,296,34,33.0,0.9602709,596.0,275.0,74.0,0.0,26.0,26.0,3.0,0.882518234,67
6,kdu5QaRINIY,True,True,True,0.054312545,False,8.976224952,17,273,144,5,0,41,124,34,22.0,0.963834708,290.0,121.0,41.0,0.0,11.0,18.0,5.0,0.917404187,2
7,PDB5K5q7II4,True,True,True,0.081649658,True,14.83148515,5,101,65,2,0,10,61,11,51.0,0.92960931,816.0,253.0,170.0,0.0,52.0,83.0,73.0,0.876028704,5
8,6EwqFalqfGE,True,True,True,0.081649658,False,13.2573494,5,83,61,3,0,8,199,8,46.0,0.953419702,930.0,277.0,115.0,1.0,52.0,5.0,2.0,0.855730192,100
9,XOxQyO-Sw-g,True,True,True,0.064549722,True,12.67499396,9,184,122,7,0,23,117,18,11.0,0.65199267,45.0,33.0,2.0,0.0,1.0,2.0,1.0,0.904157977,1
10,iEwqy3lzK0c,True,True,True,0.125988158,False,6.830860215,3,31,26,1,0,4,62,3,12.0,0.970319122,162.0,94.0,21.0,0.0,8.0,34.0,5.0,0.850428797,7
11,X3BCFOlk1oQ,True,True,True,0.040824829,False,15.77325655,23,453,228,7,0,48,186,60,20.0,0.814958692,274.0,167.0,32.0,0.0,14.0,9.0,2.0,0.919914911,16
12,jRQNAa-tqr8,True,True,True,0.074535599,False,9.6784375,6,96,75,2,0,11,102,3,34.0,0.966407382,658.0,293.0,77.0,0.0,40.0,32.0,8.0,0.910769145,69
13,4YNdp3pRjig,True,True,False,0.136082763,False,18.40655172,1,29,24,2,0,5,115,5,13.0,0.943404764,173.0,92.0,30.0,0.0,10.0,4.0,1.0,0.888330096,2
14,9CNmca7YfJE,True,True,False,0.085125653,False,18.46661017,2,59,49,2,0,5,115,10,29.0,0.922240609,317.0,120.0,68.0,0.0,29.0,23.0,2.0,0.862938686,7
15,Gmic13mvsgo,True,True,True,0.066226618,False,9.287350333,11,164,100,10,0,24,249,15,38.0,0.946854353,699.0,231.0,126.0,0.0,39.0,44.0,9.0,0.828672303,36
16,_Wjw7lHTSws,True,True,True,0.067115606,False,17.73656028,6,188,104,8,0,24,104,11,20.0,0.954004019,277.0,130.0,41.0,0.0,23.0,9.0,10.0,0.979396399,14
17,fHOkfI5ThaI,True,True,True,0.160128154,False,5.382631579,2,19,19,2,0,4,224,1,46.0,0.936458915,797.0,288.0,137.0,0.0,46.0,35.0,10.0,0.868020686,14
18,nxfRgLdxy4Y,True,True,True,0.0,False,17.53522139,9,266,178,6,0,36,297,5,67.0,0.972300828,1017.0,326.0,196.0,0.0,54.0,54.0,47.0,0.858026434,11
19,d1rcZaqBUx8,True,True,True,0.0,False,11.73498761,12,269,181,6,0,44,205,1,18.0,0.953869641,259.0,122.0,39.0,0.0,18.0,23.0,11.0,0.936823031,16
20,XfyGv-xwjlI,True,True,True,0.0,False,11.43292637,29,518,257,12,0,65,226,52,27.0,0.953224017,429.0,186.0,47.0,0.0,25.0,22.0,5.0,0.834310505,4
21,eGGXIWFqxhY,True,True,True,0.0,True,14.06434066,4,91,79,5,0,13,79,2,10.0,0.758646488,57.0,44.0,4.0,0.0,0.0,17.0,19.0,0.87538245,2
22,A0qCnOsLUds,True,True,True,0.0,False,18.67277778,2,54,49,3,0,7,207,5,23.0,0.963318249,422.0,168.0,54.0,0.0,41.0,11.0,5.0,0.902879137,23
23,JAjZv41iUJU,True,True,True,0.0,False,12.00529412,3,51,42,2,0,5,226,6,24.0,0.949575424,424.0,196.0,62.0,0.0,23.0,9.0,2.0,0.904488128,13
24,QsSZNetJIuA,True,True,True,0.0,True,11.05564626,6,98,80,3,0,12,60,7,6.0,0.973745763,132.0,90.0,21.0,0.0,11.0,37.0,10.0,0.932524052,14
25,4SZGM_E5cLI,True,True,True,0.0,False,8.68516129,10,186,125,4,0,35,156,10,37.0,0.928318518,632.0,215.0,122.0,0.0,34.0,50.0,4.0,0.816321642,45
26,M2GpXdOabZI,True,True,True,0.141421356,False,11.38935484,2,31,30,1,0,2,154,2,37.0,0.963256523,593.0,254.0,100.0,0.0,31.0,9.0,1.0,0.887468044,31
27,B2qd4lLUHKQ,True,True,True,0.0,False,22.2225,2,60,36,2,0,5,331,2,33.0,0.939145301,667.0,249.0,83.0,0.0,35.0,19.0,108.0,0.816723311,45
28,1NIhv6fCqAU,True,True,True,0.0,False,11.63764706,2,51,43,1,0,10,289,2,2.0,0.27850312,2.0,2.0,0.0,0.0,0.0,44.0,5.0,0.856739548,0
29,qSpAF-JUKEA,True,True,True,0.0,False,12.23785714,4,63,57,3,1,8,345,4,17.0,0.941007093,285.0,133.0,41.0,0.0,16.0,6.0,8.0,0.985291904,29
30,BftwyUs58JU,True,True,True,0.0,False,14.37825995,13,290,165,9,0,30,231,11,12.0,0.97199738,176.0,86.0,36.0,0.0,12.0,14.0,13.0,0.868489899,16
31,wDwM3N1iuWk,True,True,True,0.0,False,6.808461538,1,13,13,1,0,2,352,0,42.0,0.953534812,553.0,220.0,84.0,0.0,36.0,,,,63
32,28oRB1LWWEw,True,True,True,0.0,False,15.10995536,7,96,79,2,0,12,209,3,34.0,0.930569718,502.0,192.0,79.0,0.0,24.0,50.0,5.0,0.845100233,40
33,C3AQIfgthh4,True,True,True,0.0,False,7.849411765,9,153,108,5,0,26,148,10,31.0,0.949932538,420.0,183.0,67.0,0.0,33.0,4.0,15.0,0.826292257,11
34,IIyMmg5e2qI,True,True,True,0.0,False,10.95027965,31,541,270,11,0,66,233,56,29.0,0.928243682,381.0,190.0,61.0,0.0,15.0,57.0,32.0,0.925510993,16
35,0f3p9SV1cH4,True,True,True,0.0,False,8.926744186,2,43,40,3,0,10,315,0,50.0,0.967403293,978.0,392.0,132.0,0.0,43.0,42.0,29.0,0.939201277,55
36,dYHVGtMrwF4,True,True,True,0.0,False,7.54384766,36,539,292,5,0,90,200,27,65.0,0.804167625,491.0,127.0,106.0,0.0,34.0,36.0,49.0,0.806318977,7
37,pAb0Odjj5xE,True,True,True,0.0,False,15.78519774,3,59,48,3,0,8,271,10,39.0,0.960673731,653.0,243.0,79.0,0.0,42.0,44.0,13.0,0.946441324,86
38,mWm4ypCyFxQ,True,True,True,0.0,False,102.33195,1,200,104,8,0,33,225,6,34.0,0.93363746,279.0,121.0,58.0,0.0,5.0,2.0,1.0,0.853789022,4
39,Mko250V6PYI,True,True,True,0.040128618,False,9.260297297,37,540,256,10,0,81,201,52,20.0,0.950374416,334.0,171.0,46.0,0.0,19.0,26.0,1.0,0.990973356,33
40,c9LwwQK5588,True,True,True,0.0,False,16.48634454,17,294,174,8,0,28,358,6,62.0,0.969197071,921.0,339.0,135.0,0.0,43.0,48.0,34.0,0.848426736,32
41,qn2dhw0NJxo,True,True,True,0.035071531,False,13.0937874,31,579,313,11,0,74,254,10,19.0,0.968866438,280.0,127.0,42.0,0.0,17.0,5.0,2.0,0.777379422,22
42,3e68SzKBiqM,True,True,True,0.0,False,10.10508772,9,171,124,2,0,16,331,7,24.0,0.974627217,363.0,157.0,66.0,0.0,14.0,22.0,19.0,0.937754635,18
43,wn0sB1rDNIc,True,True,True,0.0,False,21.1149656,11,370,249,5,0,25,289,56,25.0,0.88763743,327.0,188.0,40.0,0.0,18.0,,,0.981483861,19
44,ZvLN2fEMYzc,True,True,True,0.063372425,False,10.10335329,10,167,111,3,0,25,271,2,45.0,0.90810883,668.0,275.0,81.0,0.0,34.0,5.0,3.0,0.893326996,22
45,7UgzlFkItjk,True,True,True,0.113227703,True,11.5125,2,36,31,2,0,7,88,2,18.0,0.950738966,265.0,145.0,41.0,0.0,14.0,49.0,18.0,,16
46,8-URBHui5hs,True,True,True,0.0,False,13.39058824,1,17,16,2,0,2,65,11,24.0,0.96854282,290.0,149.0,36.0,0.0,16.0,30.0,5.0,0.921322815,29
47,FsNKyKS7M_s,True,True,True,0.0,False,18.63307692,6,117,91,3,0,10,328,4,26.0,0.774291119,237.0,132.0,32.0,1.0,12.0,22.0,3.0,0.816998293,9
48,cy2uPRdY6JY,True,True,True,0.0,False,10.34409995,43,497,315,5,0,33,226,12,27.0,0.947499833,533.0,275.0,58.0,1.0,32.0,42.0,35.0,0.942055697,0
49,dQXKNXz_ZCg,True,True,True,0.085749293,False,7.806986301,5,73,63,2,0,4,292,3,31.0,0.758523067,304.0,178.0,38.0,0.0,15.0,78.0,81.0,0.857253454,13
50,SuFVVCvancY,True,True,True,0.0,False,11.11690476,12,224,148,4,0,27,283,3,15.0,0.961771607,232.0,122.0,42.0,0.0,10.0,2.0,3.0,,12
51,boUkQ7T1pus,True,True,True,0.0,False,9.20622449,4,49,36,3,0,4,121,2,20.0,0.968981802,320.0,168.0,44.0,0.0,19.0,38.0,3.0,0.953190214,15
52,Ji7n59Tiwwo,True,True,True,0.071428571,False,11.91700919,9,133,109,3,0,7,323,2,58.0,0.972848192,840.0,290.0,159.0,0.0,39.0,60.0,37.0,0.854263124,64
53,CRCLSs-Lh0U,True,True,False,0.0,False,305.4804531,1,640,142,1,0,10,328,5,10.0,0.787065196,75.0,51.0,16.0,0.0,2.0,2.0,1.0,0.85290662,2
54,DoC21ItfQbM,True,True,True,0.0,False,9.657959798,31,536,289,6,0,74,275,10,9.0,0.740943402,80.0,57.0,9.0,0.0,6.0,2.0,1.0,,2
55,Nw9yN_83uZ8,True,True,True,0.0,False,7.126,2,15,15,0,0,0,151,7,55.0,0.88970232,795.0,303.0,126.0,0.0,43.0,76.0,30.0,0.85709645,21
56,SF7vOJjMEws,True,True,False,0.0,False,20.09351598,3,73,59,3,0,6,283,4,46.0,0.965087444,864.0,300.0,149.0,0.0,46.0,9.0,7.0,0.978078597,31
57,-6hDAzlQJsY,True,True,True,0.0,False,8.8,2,33,30,2,0,5,104,5,15.0,0.950481474,239.0,132.0,34.0,0.0,12.0,11.0,2.0,0.998689314,21
58,rc4ukEnN0OA,True,True,True,0.0,False,9.996525232,43,718,343,11,0,137,238,1,49.0,0.969693279,757.0,303.0,92.0,0.0,34.0,,,1.0,89
59,9V6SH5ySg0o,True,True,True,0.0,False,16.10105973,18,519,322,9,0,63,356,15,16.0,0.701759644,77.0,45.0,17.0,0.0,0.0,1.0,1.0,1.0,0
60,ozbNW8-ZLm4,True,True,True,0.0,False,9.525672002,43,693,324,10,0,104,336,3,33.0,0.944727165,645.0,231.0,106.0,0.0,46.0,5.0,2.0,0.799264769,15
61,vlZOAAqtibY,True,True,True,0.0,False,9.944102166,29,511,299,6,0,57,208,14,40.0,0.941123835,589.0,216.0,104.0,0.0,22.0,34.0,4.0,0.793589529,43
62,2RzsBQFdw3w,True,True,True,0.0,False,14.18669725,5,109,81,5,0,13,234,4,14.0,0.942429535,232.0,124.0,38.0,0.0,9.0,22.0,1.0,0.938132304,16
63,bPjR9kQ1ZCc,True,True,True,0.0,False,13.58068917,9,158,114,3,0,18,327,1,54.0,0.953395143,1102.0,362.0,166.0,0.0,64.0,36.0,49.0,0.92015713,103
64,UiJOohm2sp0,True,True,True,0.0,False,12.13176262,21,469,254,8,0,48,144,2,10.0,0.845686416,70.0,45.0,15.0,0.0,1.0,39.0,9.0,0.893193125,1
65,fTstVBFBXfw,True,True,True,0.0,False,13.17756757,10,222,154,4,0,32,282,35,5.0,0.568122476,41.0,32.0,6.0,0.0,1.0,1.0,1.0,0.787652687,1
66,F7StGoDvPG8,True,True,True,0.0,False,17.88366906,10,278,165,5,0,33,286,5,59.0,0.97383968,902.0,336.0,117.0,0.0,56.0,40.0,53.0,0.837180663,47
67,XcGCb1LIyeQ,True,True,True,0.0,False,6.12,1,8,8,1,0,1,104,6,16.0,0.897011578,148.0,84.0,24.0,0.0,3.0,37.0,9.0,0.878193924,4
68,8r0e8WBBg6o,True,True,False,0.0,False,9.525769231,2,26,23,1,0,3,216,49,5.0,0.622077145,9.0,8.0,0.0,0.0,0.0,45.0,8.0,0.813771281,1
69,XmYrJ0s7QQU,True,True,True,0.0,False,9.658491248,36,584,331,9,0,74,312,2,31.0,0.961094916,550.0,244.0,86.0,0.0,35.0,13.0,8.0,0.95729287,26
70,aUdfpZdmT-Q,True,True,True,0.0,False,23.2975,2,80,62,1,0,9,316,11,19.0,0.930087082,296.0,156.0,42.0,0.0,13.0,50.0,6.0,0.889874712,9
71,_8-elEw7tZM,True,True,True,0.0,False,9.058622916,33,507,270,7,0,59,299,3,23.0,0.949299046,390.0,198.0,51.0,0.0,26.0,24.0,50.0,0.925556167,40
72,2RRsOqinpkU,True,True,True,0.0,False,11.38843137,3,34,34,2,0,6,187,1,40.0,0.946841657,600.0,215.0,89.0,0.0,30.0,10.0,9.0,0.887825431,39
73,7XAX9JU287g,True,True,False,0.0,False,9.765,1,20,18,1,0,2,68,1,47.0,0.950617939,878.0,276.0,140.0,0.0,56.0,19.0,4.0,,35
74,IoiTgPuYZbg,True,True,True,0.0,False,13.33,1,13,13,1,0,2,343,1,26.0,0.958908916,470.0,197.0,59.0,0.0,30.0,2.0,3.0,0.811080386,9
75,g5QNlW9uvz0,True,True,True,0.0,False,8.47803262,9,109,73,3,0,18,198,32,28.0,0.960388228,593.0,236.0,98.0,0.0,40.0,34.0,25.0,0.967848129,27
76,oyetHtHIWx8,True,True,True,0.0,False,8.922492433,46,632,333,10,1,80,315,18,58.0,0.948277697,857.0,319.0,122.0,0.0,42.0,64.0,41.0,0.876944684,10
77,YzrHHTTkLTc,True,True,True,0.0,True,14.10333333,2,27,23,3,0,2,210,0,33.0,0.972980618,438.0,186.0,65.0,1.0,27.0,16.0,2.0,0.983342694,17
78,qPasI9VjI1s,True,True,True,0.0,False,9.529007937,7,108,79,2,0,14,233,2,27.0,0.938551737,541.0,216.0,87.0,0.0,33.0,21.0,12.0,0.840115936,19
79,RBaDYCJ-QOc,True,True,True,0.0,False,9.887375215,28,498,284,8,0,62,164,10,38.0,0.964792569,514.0,221.0,83.0,0.0,30.0,8.0,9.0,0.795981673,31
80,dBW1FNpF07E,True,True,True,0.0,False,13.11380952,3,70,50,2,0,5,67,19,53.0,0.948112816,699.0,300.0,81.0,0.0,30.0,27.0,10.0,0.856473487,55
81,c5uDE2vmZR8,True,False,True,0.0,False,0.0,0,0,0,0,0,0,63,27,26.0,0.719001786,214.0,125.0,39.0,0.0,1.0,4.0,1.0,0.862855571,1
82,7PBYGu4Az8s,True,True,True,0.0,False,51.97165428,5,538,328,9,0,76,174,3,38.0,0.959417081,509.0,217.0,60.0,1.0,21.0,10.0,2.0,0.938840936,60
83,oM3YfekC61M,True,False,False,0.0,False,0.0,0,0,0,0,0,0,252,1,34.0,0.964238981,438.0,186.0,51.0,0.0,34.0,39.0,2.0,0.827423779,20
84,SqbMNREZG2U,True,False,False,0.0,False,0.0,0,0,0,0,0,0,61,1,52.0,0.938868195,789.0,312.0,109.0,0.0,46.0,19.0,24.0,0.993846993,48
85,YDUVjz2nVUo,True,True,True,0.0,False,18.08474638,9,276,140,5,0,25,326,5,10.0,0.682829711,35.0,26.0,2.0,0.0,0.0,26.0,103.0,0.869781577,0
86,jwGS75CnlOo,True,True,True,0.0,False,19.55157143,5,140,91,2,0,11,135,55,20.0,0.950376877,334.0,171.0,46.0,0.0,19.0,26.0,1.0,0.990973357,0
87,W1xwhaNyHXQ,True,True,True,0.0,False,14.28259186,19,371,210,4,0,37,270,2,20.0,0.965276837,301.0,153.0,37.0,0.0,19.0,5.0,10.0,0.981816205,29
88,Tb1O8czdAx0,True,True,True,0.0,False,11.71364865,10,222,149,5,0,31,359,8,45.0,0.966778775,800.0,296.0,143.0,0.0,52.0,34.0,38.0,0.861702542,33
89,CyEGCzNTNjI,True,True,True,0.0,False,7.763049986,54,532,305,9,0,71,285,19,33.0,0.967008203,448.0,200.0,49.0,0.0,26.0,38.0,42.0,0.88672454,70
90,UKxfkCSiEIw,True,True,True,0.0,False,9.612857143,2,21,21,0,0,2,271,3,29.0,0.949978255,475.0,220.0,41.0,0.0,33.0,17.0,3.0,0.910137153,53
91,O7l3qg0Z4GE,True,True,True,0.066226618,False,12.05768248,8,137,101,7,0,19,223,5,20.0,0.92426111,332.0,188.0,39.0,0.0,12.0,33.0,2.0,0.947345328,24
92,1DX5mdLMTIc,True,True,False,0.166666667,False,9.456428571,1,14,14,1,0,1,349,16,74.0,0.95128504,950.0,270.0,155.0,0.0,47.0,50.0,4.0,0.811529881,35
93,HiqoicYtVjo,True,True,True,0.041775599,False,8.560287456,28,492,226,7,0,76,242,1,28.0,0.95908759,298.0,165.0,43.0,0.0,21.0,50.0,31.0,0.823424007,24
94,ZiITCnnFbwQ,True,True,True,0.037037037,False,9.37805507,33,624,296,8,0,83,178,3,26.0,0.938798249,383.0,202.0,73.0,0.0,15.0,54.0,20.0,0.866885975,12
95,rMMpeLLgdgY,True,True,True,0.075164603,False,10.30219512,8,164,87,3,0,16,173,12,26.0,0.774291109,237.0,132.0,32.0,1.0,12.0,22.0,3.0,0.816998283,9
96,AyDHP9puCag,True,True,True,0.050636968,False,27.28298701,6,231,143,5,0,21,129,2,37.0,0.906572362,563.0,236.0,93.0,0.0,42.0,13.0,13.0,0.803082901,21
97,bIhy-Rb2xp4,True,True,True,0.061545745,False,5.763664596,14,161,113,3,0,31,117,9,15.0,0.871545088,131.0,91.0,17.0,0.0,1.0,6.0,1.0,0.829247286,3
98,E4nEnsvdJ4Q,True,True,True,0.054312545,False,17.1,8,202,129,4,0,22,311,7,26.0,0.9576139,381.0,210.0,47.0,0.0,24.0,15.0,6.0,0.952925199,38
99,3GLhwx_G5gE,True,True,True,0.0,True,9.270861027,20,331,199,8,0,63,106,6,37.0,0.966406018,478.0,213.0,84.0,0.0,23.0,20.0,10.0,0.928665543,21
100,wNnw9Luiv2M,True,True,True,0.0,False,7.279511709,18,223,136,6,0,36,109,33,19.0,0.961686004,182.0,90.0,29.0,0.0,10.0,25.0,6.0,0.944605774,24
101,4BVbYDavIyQ,True,True,False,0.149071198,False,10.061125,5,80,63,3,0,11,178,54,32.0,0.926270161,521.0,233.0,89.0,0.0,21.0,44.0,27.0,0.91663103,7
102,TKGBNNRWYts,True,True,True,0.0,False,18.34365854,2,41,31,2,0,0,136,28,64.0,0.93261697,942.0,331.0,170.0,0.0,43.0,44.0,5.0,0.86257003,55
103,T28YaCoRd1E,True,True,False,0.179605302,True,10.94682292,3,64,44,4,0,11,352,7,63.0,0.97144396,1036.0,346.0,153.0,0.0,54.0,30.0,18.0,0.965880755,6
104,SRSJILKSx18,True,False,False,0.0,False,0.0,0,0,0,0,0,0,342,19,25.0,0.937869931,320.0,152.0,60.0,0.0,25.0,22.0,64.0,0.971744399,13
105,e0XN_hjfQiA,True,True,True,0.0,False,12.16536842,5,95,72,4,0,12,251,47,42.0,0.890784291,557.0,206.0,77.0,0.0,24.0,18.0,31.0,0.827865426,20
106,WM3v85H1jX0,True,True,True,0.0,False,15.42385281,7,99,81,2,0,12,277,3,11.0,0.884370824,148.0,108.0,25.0,0.0,9.0,9.0,6.0,0.858462264,6
107,OlP9j1Z2Qbo,True,True,True,0.0,False,8.763202493,33,491,286,9,0,51,199,11,35.0,0.895945281,576.0,222.0,107.0,1.0,55.0,8.0,1.0,0.826048569,28
108,StG4seQPUyc,True,True,True,0.0,False,10.08883458,45,491,251,11,0,48,226,3,26.0,0.864865899,430.0,208.0,66.0,1.0,23.0,19.0,8.0,0.858839775,22
109,dH9Y_rby-jQ,True,True,True,0.0,False,6.965714286,3,21,21,2,0,4,192,11,16.0,0.966944218,203.0,104.0,36.0,0.0,8.0,20.0,19.0,0.841914859,2
110,cZz7EvpXn10,True,True,True,0.0,False,14.62,3,75,55,3,0,10,211,3,22.0,0.961873487,349.0,146.0,38.0,0.0,22.0,5.0,22.0,0.883191053,17
111,UIQgolIGQEU,True,True,True,0.036961064,False,12.89654601,31,557,292,11,0,77,220,4,34.0,0.902180976,500.0,221.0,77.0,0.0,30.0,29.0,9.0,0.925726462,21
112,HyKyfNkoBOo,True,True,False,0.0,False,36.40344262,1,61,45,2,0,3,296,10,17.0,0.971685082,241.0,133.0,51.0,0.0,10.0,14.0,1.0,0.849143516,18
113,8xz4VCgx-uE,True,True,False,0.088045091,False,8.887831325,5,83,63,3,0,14,222,45,27.0,0.923322907,348.0,165.0,57.0,0.0,19.0,64.0,58.0,0.878989125,3
114,TNspLEjrQ00,True,True,True,0.061898446,False,11.64322404,9,183,117,6,0,27,235,20,20.0,0.897988296,319.0,184.0,61.0,0.0,27.0,13.0,20.0,0.964954768,6
115,A-8de9LuVJQ,True,True,True,0.182574186,False,10.414375,1,16,15,2,0,2,158,26,9.0,0.881773055,173.0,86.0,34.0,0.0,11.0,4.0,5.0,0.845351784,2
116,C8yAb7MDW5k,True,True,False,0.0,False,3.599411765,2,17,15,2,0,3,216,6,19.0,0.865158447,155.0,92.0,18.0,0.0,3.0,7.0,5.0,0.973903997,9
117,2M3tKFajs90,True,True,True,0.0,False,12.85947368,1,19,17,0,0,0,156,1,12.0,0.964872708,133.0,71.0,17.0,0.0,5.0,36.0,5.0,0.9557835,29
118,I8D8zpLqpw8,True,True,True,0.073323558,False,32.38,1,4,4,1,0,0,302,52,28.0,0.840081792,309.0,154.0,36.0,0.0,12.0,44.0,49.0,0.852001166,13
119,sZEeCWcwD1g,True,True,True,0.107211253,True,16.987,3,60,40,2,0,6,359,4,23.0,0.949112296,330.0,152.0,47.0,0.0,24.0,20.0,5.0,0.959772551,4
120,5nEnB97_W6I,True,True,True,0.0,False,12.93935484,5,93,78,4,0,9,212,12,43.0,0.969841838,574.0,257.0,90.0,0.0,27.0,16.0,11.0,0.864235049,23
121,FLYHICUIYDE,True,True,True,0.25819889,True,8.26,1,6,6,1,0,0,101,5,34.0,0.962654511,497.0,231.0,79.0,0.0,33.0,77.0,4.0,0.844337393,34
122,33nZHuUkyMw,True,True,True,0.115470054,False,9.7275,3,48,37,2,0,5,229,1,20.0,0.893627879,264.0,139.0,40.0,0.0,21.0,21.0,29.0,0.846189992,14
123,PBjatPLjof0,True,True,True,0.067573738,False,19.44734694,5,147,104,6,0,18,167,1,36.0,0.963541554,585.0,227.0,72.0,0.0,37.0,48.0,10.0,0.877077797,88
124,9iUB9GMxjNw,True,True,True,0.061898446,True,11.649,8,160,103,6,0,21,129,5,23.0,0.955288008,347.0,156.0,62.0,0.0,18.0,32.0,20.0,0.858411509,4
125,v-yeVxI4CeE,True,True,True,0.0,False,9.902176871,3,49,43,2,0,3,109,5,49.0,0.950672686,795.0,279.0,136.0,0.0,52.0,,,,44
126,r6IMMEp56ts,True,True,True,0.0,True,9.118636364,2,22,16,0,0,4,98,25,30.0,0.909078151,381.0,192.0,49.0,0.0,21.0,63.0,36.0,0.896388674,25
127,46xCuYATOyA,True,True,True,0.0,False,16.59625,3,48,38,2,0,5,176,64,18.0,0.926516162,289.0,156.0,27.0,0.0,17.0,11.0,13.0,0.924477355,0
128,2TiuzhZRmXs,True,True,False,0.0,False,6.12,1,8,8,0,0,0,301,11,39.0,0.956328428,744.0,253.0,122.0,0.0,45.0,9.0,4.0,0.857648113,25
129,RpfHg6Que7E,True,True,True,0.062257281,False,12.19584625,9,172,115,3,0,23,247,8,48.0,0.909035753,491.0,235.0,86.0,0.0,31.0,81.0,63.0,0.858512602,2
130,wOIZEz0hAY4,True,True,True,0.035267281,False,8.579691877,42,765,325,12,0,157,263,4,45.0,0.966786375,800.0,296.0,143.0,0.0,52.0,34.0,38.0,0.861702535,6
131,PMjtbvqlqso,True,True,True,0.06415003,False,9.547607362,10,163,115,6,0,22,312,1,54.0,0.956474726,1049.0,388.0,114.0,1.0,79.0,11.0,7.0,0.975473061,62
132,K2BHxaajpcs,True,True,True,0.07856742,False,11.01296703,5,91,74,5,0,13,301,4,5.0,0.975071505,129.0,76.0,22.0,0.0,13.0,21.0,3.0,0.974305688,6
133,JzqLU9O1RWM,True,True,True,0.0,False,12.50763158,4,95,64,2,0,13,226,0,47.0,0.850293293,408.0,167.0,61.0,0.0,20.0,23.0,35.0,0.926263668,9
134,wE1tZ6AF8wU,True,True,True,0.070272837,False,11.35752991,29,441,301,7,0,46,306,10,27.0,0.923323659,348.0,165.0,57.0,0.0,19.0,,,,11
135,spGKvuAwv_w,True,True,True,0.113227703,False,14.66138095,3,70,51,3,0,8,111,0,55.0,0.959911962,550.0,186.0,68.0,0.0,38.0,26.0,18.0,0.945726617,15
136,C5dU3zqkT8o,True,True,True,0.0,False,9.373235294,8,136,94,3,0,20,316,3,8.0,0.782068357,61.0,45.0,11.0,0.0,0.0,43.0,48.0,0.900607135,3
137,T12v9QTVwQQ,True,True,True,0.0,False,7.320144592,38,546,285,8,0,79,260,1,17.0,0.789779648,169.0,85.0,33.0,0.0,12.0,2.0,1.0,0.810634307,2
138,KqEqzi6eXGY,True,True,True,0.0,False,11.4408204,27,544,307,7,0,48,157,1,31.0,0.963173008,509.0,180.0,96.0,0.0,41.0,11.0,5.0,0.845786164,25
139,T_g1JJKmC6g,True,True,True,0.0,False,10.11485944,12,166,115,5,0,20,276,1,38.0,0.962430525,654.0,267.0,89.0,0.0,28.0,50.0,23.0,0.861148947,27
140,indqygzNW3w,True,True,True,0.0,False,16.4741784,3,71,50,1,0,8,186,3,49.0,0.954728454,648.0,302.0,92.0,0.0,36.0,58.0,30.0,0.896285541,26
141,Hf4YEIrLC2I,True,True,True,0.0,False,8.958387097,2,31,28,2,0,5,101,5,13.0,0.925504267,163.0,102.0,17.0,0.0,6.0,3.0,5.0,0.840716709,20
142,oV9JE5K_uiM,True,True,True,0.0,False,8.5125,1,12,12,2,0,2,126,0,51.0,0.945860767,700.0,275.0,107.0,0.0,37.0,71.0,69.0,0.869574781,27
143,x0uj1jmHfrM,True,True,True,0.0,False,16.52367807,31,694,391,7,0,66,277,1,63.0,0.971024147,1036.0,346.0,153.0,0.0,54.0,,,,70
144,A370WEFeVm4,True,True,True,0.0,False,13.8010231,6,101,77,3,0,16,172,5,23.0,0.820132689,252.0,171.0,24.0,0.0,2.0,38.0,15.0,0.936589389,14
145,HaI0smmx8w0,True,True,True,0.0,False,10.70891195,12,265,133,3,0,19,230,0,11.0,0.841175497,137.0,90.0,15.0,0.0,7.0,38.0,61.0,0.910456614,8
146,XcoqTLHYe2k,True,True,True,0.068041382,True,19.05496503,5,143,102,3,0,14,61,1,36.0,0.915935301,544.0,198.0,65.0,0.0,22.0,1.0,3.0,0.982066081,40
147,Sl2bcHVR1l8,True,True,True,0.061545745,False,16.84425056,6,149,99,4,0,18,311,2,48.0,0.957079317,809.0,276.0,144.0,0.0,44.0,45.0,26.0,0.846530489,52
148,NMvrqByanI0,True,False,True,0.0,False,0.0,0,0,0,0,0,0,236,7,4.0,0.936928034,62.0,48.0,13.0,0.0,3.0,10.0,16.0,0.958318161,8
149,FNI00N5dZSI,True,True,True,0.0,False,10.69608974,3,52,48,1,0,13,205,28,52.0,0.908314522,737.0,299.0,86.0,0.0,50.0,22.0,7.0,0.894413973,41
150,g4MwvHyiJs0,True,True,True,0.035805744,False,7.834252879,37,575,309,10,0,75,334,1,26.0,0.945182705,523.0,213.0,84.0,0.0,41.0,60.0,33.0,0.889322721,13
151,85CksrhnPCM,True,True,True,0.034199278,False,10.66348471,35,799,342,10,0,128,299,2,48.0,0.944197999,928.0,319.0,137.0,0.0,48.0,40.0,54.0,0.890817994,34
152,zVzkZyj8etU,True,True,True,0.052270837,False,12.89192308,13,314,168,10,0,38,155,3,8.0,0.873896301,137.0,85.0,15.0,0.0,12.0,12.0,3.0,1.0,7
153,IgvAo4D-x90,True,True,True,0.037037037,False,6.813866283,42,646,298,14,0,90,255,18,62.0,0.969323206,919.0,340.0,136.0,0.0,43.0,48.0,34.0,0.848426716,5
154,rOPHv5YKvh4,True,True,True,0.035533453,False,11.66306225,29,678,308,8,0,85,208,2,36.0,0.888718675,530.0,222.0,105.0,0.0,23.0,56.0,41.0,0.827376054,14
155,ck26dVYJF_0,True,True,True,0.102062073,False,8.811578947,5,57,48,1,0,8,98,6,13.0,0.93763622,162.0,85.0,30.0,0.0,7.0,19.0,1.0,,4
156,JbfUuvjcOtQ,True,True,True,0.036514837,False,7.3547,40,675,308,12,0,94,168,11,19.0,0.880065534,216.0,102.0,21.0,0.0,16.0,24.0,14.0,0.858738211,14
157,Ea5vcpjOzxw,True,True,True,0.0,False,4.746428571,1,14,14,0,0,2,198,1,6.0,0.817375561,62.0,40.0,10.0,0.0,1.0,3.0,1.0,0.788839685,0
158,W3xE6BRra2g,True,True,True,0.0,False,14.922692,15,421,219,8,0,56,172,14,3.0,0.84774667,14.0,14.0,3.0,0.0,1.0,28.0,20.0,0.906240957,0
159,gdM1ph62zno,True,False,True,0.0,True,0.0,0,0,0,0,0,0,267,9,49.0,0.966488441,735.0,257.0,91.0,0.0,45.0,31.0,27.0,0.890269931,4
160,Wa6_y3X0U48,True,True,True,0.0,False,7.203134328,5,67,56,3,0,10,281,6,25.0,0.966870338,468.0,198.0,68.0,0.0,18.0,39.0,7.0,0.950583559,49
161,JhT78beq9Xg,True,True,True,0.0,False,13.1765035,22,429,255,11,0,60,93,27,13.0,0.954126298,236.0,126.0,32.0,0.0,10.0,6.0,6.0,0.845662569,8
162,KFdy6Jk09t8,True,True,True,0.0,False,15.32925926,3,81,50,2,0,2,60,27,34.0,0.895110529,499.0,233.0,57.0,0.0,14.0,39.0,14.0,0.910571055,64
163,d86DofYpkrY,True,True,True,0.0,False,27.15690083,5,242,164,5,0,21,340,0,20.0,0.95115079,391.0,169.0,73.0,0.0,38.0,13.0,6.0,0.995164911,9
164,KEUJuirSrJg,True,True,True,0.034942828,False,8.442460896,44,773,342,13,0,136,276,2,49.0,0.921749168,714.0,226.0,140.0,0.0,62.0,46.0,15.0,0.837145779,14
165,q74l-ecOi_8,True,True,True,0.033167906,False,12.40511962,37,749,372,15,0,97,222,12,27.0,0.917697807,363.0,162.0,68.0,0.0,20.0,32.0,1.0,0.834431734,9
166,gFq67iFrNIs,True,True,True,0.0,False,17.51086957,1,23,20,0,0,1,255,7,22.0,0.92518153,336.0,156.0,69.0,0.0,14.0,36.0,26.0,0.967502088,2
167,rJw5PfIqlcQ,True,True,True,0.19245009,False,12.76,1,15,13,1,0,2,360,4,22.0,0.957311273,250.0,151.0,35.0,1.0,14.0,55.0,21.0,0.888935288,19
168,LqWL4iM6AHs,True,True,True,0.0,False,54.1921875,1,96,61,2,0,5,207,1,91.0,0.973559797,1231.0,396.0,191.0,0.0,93.0,39.0,67.0,0.880729784,50
169,oSXdRrRSmjw,True,True,True,0.0,False,13.62,1,23,22,2,0,2,127,2,8.0,0.898037821,110.0,75.0,13.0,0.0,7.0,12.0,8.0,0.970137903,10
170,ZHi_A6tC40Y,True,True,True,0.23570226,False,10.95857143,2,21,20,1,0,2,125,2,19.0,0.961743683,269.0,131.0,27.0,0.0,19.0,24.0,22.0,0.942725345,19
171,z_3S2_41_FE,True,True,True,0.087370406,False,9.268292683,12,246,157,3,0,32,300,7,47.0,0.962549218,934.0,333.0,147.0,0.0,55.0,47.0,5.0,0.872230522,64
172,HE-erLKq1T4,True,True,False,0.0,False,5.183513514,5,37,33,2,0,5,271,4,53.0,0.829310542,316.0,144.0,32.0,0.0,18.0,19.0,28.0,0.863303604,3
173,t8sIioCX0lk,True,True,True,0.090166963,False,7.095923186,19,370,160,7,0,44,120,1,22.0,0.907561094,351.0,176.0,64.0,0.0,23.0,31.0,7.0,0.911491246,10
174,UowWA-8TiyI,True,True,True,0.0,False,14.27387755,4,98,73,3,0,6,138,1,16.0,0.97606793,324.0,162.0,38.0,0.0,15.0,31.0,31.0,0.87265265,51
175,gBNsX6sgALM,True,True,True,0.0,False,12.19283333,10,180,143,5,0,20,282,6,36.0,0.964611101,710.0,245.0,103.0,0.0,34.0,21.0,2.0,0.889960024,60
176,34CZ3w2kQok,True,True,False,0.0,False,12.83,1,12,12,1,0,2,158,25,25.0,0.898918731,278.0,135.0,38.0,0.0,10.0,30.0,3.0,0.92450747,23
177,X8G1YkurALI,True,True,True,0.185695338,False,5.146153846,5,52,42,1,0,8,191,24,30.0,0.84649561,387.0,141.0,66.0,0.0,22.0,31.0,10.0,0.79856416,14
178,YSX4UvOl_Rs,True,True,True,0.0,False,9.297,4,75,55,3,0,9,70,17,9.0,0.929587205,169.0,92.0,22.0,0.0,5.0,23.0,1.0,0.885954992,3
179,ZoH8U5HqyWE,True,True,True,0.059549133,False,7.517353325,13,177,123,3,0,18,150,4,47.0,0.967819134,907.0,330.0,113.0,0.0,60.0,30.0,72.0,0.953433164,39
180,Xe_LsrAKP6U,True,True,True,0.0,True,12.17043478,2,23,22,2,0,2,134,16,34.0,0.961470405,413.0,184.0,67.0,0.0,16.0,11.0,5.0,0.948302498,8
181,O7PKOMcogOU,True,True,True,0.0,False,9.581884058,3,46,40,2,0,8,242,1,54.0,0.972833147,1010.0,392.0,144.0,0.0,50.0,21.0,27.0,0.953708469,86
182,MUWG_OGtg2Q,True,True,True,0.0,False,11.96862069,6,87,68,3,0,9,269,10,47.0,0.967121025,903.0,317.0,138.0,0.0,34.0,10.0,15.0,0.966588768,69
183,HOu693SV4e0,True,True,True,0.123091491,True,7.596666667,3,36,33,1,0,4,113,5,25.0,0.952770546,441.0,222.0,40.0,0.0,41.0,9.0,9.0,0.984821991,60
184,gkLpD8yqOow,True,True,True,0.0,False,18.38076923,3,78,68,3,0,7,200,1,31.0,0.882964211,450.0,245.0,61.0,0.0,15.0,1.0,1.0,0.878480639,15
185,3BRyGcTlZsU,True,True,True,0.123091491,False,10.6447619,3,35,32,2,0,3,356,2,62.0,0.959518409,1072.0,350.0,166.0,0.0,56.0,52.0,49.0,0.890017507,0
186,5OxWh7XMi-I,True,True,False,0.0,False,4.37,2,9,9,1,0,0,264,21,53.0,0.824815149,318.0,144.0,32.0,0.0,18.0,19.0,28.0,0.863303446,10
187,IQy6E5aVUzo,True,True,True,0.066226618,True,25.72068182,4,132,95,2,0,15,163,6,61.0,0.958317743,850.0,281.0,154.0,0.0,50.0,82.0,121.0,0.886195797,16
188,jHZt0naRnbM,True,True,True,0.085125653,False,12.57932432,4,74,57,2,0,9,218,3,18.0,0.979455928,301.0,153.0,50.0,0.0,23.0,18.0,7.0,0.84949471,21
189,UvWUiiK4ATg,True,True,True,0.0,False,8.69,3,30,26,2,0,2,310,3,13.0,0.924234867,182.0,114.0,31.0,0.0,8.0,7.0,4.0,0.999256998,3
190,_6L8liyKl24,True,True,True,0.0,False,21.53125,1,40,28,1,0,1,330,7,34.0,0.6775086,312.0,177.0,39.0,0.0,7.0,55.0,31.0,0.846074719,12
191,iAGkZmwB9XM,True,True,True,0.047781848,False,16.96106897,10,290,185,6,0,26,196,8,34.0,0.902183877,500.0,221.0,77.0,0.0,30.0,29.0,9.0,0.925726465,21
192,oXslctvrMzw,True,True,True,0.120385853,True,11.8845,2,40,36,1,0,3,134,52,62.0,0.942862954,857.0,260.0,139.0,0.0,62.0,1.0,4.0,0.991956951,42
193,BoT0Qv0BIZs,True,True,True,0.041030497,False,16.45273061,18,424,244,10,0,49,170,56,25.0,0.918970562,244.0,125.0,32.0,0.0,17.0,30.0,4.0,0.945797325,29
194,FInJq_xKLH4,True,True,True,0.0,False,3.784912892,7,41,33,1,0,3,84,63,12.0,0.964244545,208.0,112.0,25.0,0.0,10.0,8.0,13.0,0.932958946,13
195,WjyQTmJBXFg,True,True,True,0.0,False,10.272,1,5,5,0,0,1,155,6,28.0,0.962262169,439.0,209.0,72.0,0.0,26.0,43.0,7.0,0.913549953,23
196,fVMvY_Lsqzw,True,True,True,0.107211253,False,10.876,3,45,35,2,0,6,289,4,42.0,0.9511864,661.0,255.0,77.0,0.0,41.0,87.0,70.0,0.896488277,53
197,cBqeRuCUN0M,True,True,True,0.0,True,10.79384615,1,13,13,1,0,3,158,30,24.0,0.931033105,369.0,150.0,56.0,0.0,31.0,6.0,15.0,0.949879042,14
198,PdH2Gp9OeFk,True,True,True,0.045643546,True,12.95462745,15,340,204,7,0,50,100,0,46.0,0.894039661,590.0,239.0,112.0,0.0,25.0,75.0,63.0,0.825382436,18
199,Mlx_eXtHRgQ,True,True,True,0.144337567,True,14.52166667,1,18,18,1,0,2,145,2,16.0,0.948676944,271.0,125.0,45.0,0.0,19.0,9.0,9.0,0.882176084,18
200,deH1uzXA1ik,True,True,True,0.063372425,False,14.84875,8,144,97,6,0,11,188,52,27.0,0.901140673,516.0,229.0,79.0,0.0,33.0,1.0,3.0,0.98797563,26
201,tMda6xUG7x0,True,True,True,0.0,False,13.42333333,1,9,9,1,0,1,171,9,29.0,0.967278103,579.0,224.0,96.0,0.0,38.0,20.0,28.0,0.831539937,9
202,qk-wXGltml4,True,True,True,0.033557803,False,10.86307361,31,585,339,8,0,78,274,69,50.0,0.946816558,565.0,261.0,88.0,0.0,40.0,54.0,21.0,0.878192635,36
203,ZgM0t_tymm8,True,True,True,0.060192927,False,17.04254973,7,158,107,3,0,7,207,26,34.0,0.83960253,323.0,154.0,41.0,0.0,17.0,6.0,5.0,0.945738991,9
204,eaT7dD7yH2U,True,True,True,0.0,False,14.02805019,7,148,105,2,0,13,112,2,33.0,0.955978245,574.0,192.0,72.0,0.0,26.0,6.0,14.0,0.941271781,43
205,jvg8EmtWF78,True,True,True,0.105409255,False,13.81472727,2,55,43,1,0,8,127,2,19.0,0.83670032,207.0,131.0,23.0,0.0,8.0,26.0,8.0,0.909209127,12
206,WFRuW80TRg8,True,True,False,0.0,False,2.62,1,1,1,0,0,0,66,23,4.0,0.882791638,64.0,50.0,13.0,0.0,2.0,10.0,7.0,0.963370902,2
207,EXNLA6j2x0M,True,True,True,0.0,False,52.85699422,2,173,67,2,0,14,289,71,38.0,0.962186635,833.0,238.0,126.0,0.0,51.0,16.0,3.0,0.870089616,6
208,XScxvR3XHhc,True,True,False,0.0,False,14.004,1,20,19,1,0,0,355,0,50.0,0.951824061,728.0,272.0,112.0,0.0,47.0,10.0,10.0,0.994838046,26
209,CyOdY5L-YeE,True,True,True,0.03295112,False,12.89530811,40,641,347,12,0,81,240,1,49.0,0.91595866,330.0,114.0,59.0,0.0,34.0,2.0,3.0,0.880157513,5
210,yr8F0QjjXqc,True,True,True,0.077151675,False,12.769375,6,96,76,3,0,10,341,32,14.0,0.745813161,211.0,114.0,29.0,0.0,15.0,30.0,21.0,0.920341184,14
211,vrj7MqVz_Hs,True,True,False,0.0,True,3.272266667,3,25,24,1,0,5,167,4,15.0,0.716029778,64.0,50.0,12.0,0.0,0.0,,,,2
212,VStR7iOeR0E,True,True,True,0.040032038,True,9.061839698,24,419,257,9,0,71,111,1,34.0,0.937572781,574.0,209.0,119.0,0.0,54.0,11.0,6.0,0.953810278,8
213,x2I9jE7VkOY,True,True,True,0.075164603,False,10.17586873,7,111,77,5,0,14,95,1,11.0,0.962307274,307.0,143.0,50.0,0.0,17.0,,,,22
214,ITcU_94MU0k,True,True,True,0.0,False,11.12867347,4,49,45,3,0,3,222,1,23.0,0.955314815,347.0,156.0,62.0,0.0,18.0,32.0,20.0,0.858411518,4
215,iNAyZ0VE03s,True,True,True,0.07856742,False,11.33917722,4,79,71,3,0,8,137,1,8.0,0.947662473,158.0,96.0,21.0,0.0,13.0,3.0,2.0,0.922649642,4
216,AR2MpzKboCc,True,True,True,0.125988158,False,10.44,2,27,26,2,0,5,289,1,36.0,0.90586781,512.0,277.0,77.0,0.0,20.0,5.0,1.0,,26
217,b5iUpyfbxZE,True,True,True,0.0,False,15.02942308,2,52,43,2,0,7,358,4,40.0,0.90292274,519.0,252.0,68.0,0.0,15.0,5.0,3.0,0.925997784,38
218,vhlFq7NRa78,True,True,True,0.058621038,False,21.26068627,6,238,126,15,0,36,124,1,16.0,0.949047729,421.0,208.0,67.0,0.0,30.0,25.0,6.0,0.858809587,9
219,lxSVI-OmpiA,True,True,True,0.103695169,False,13.26,3,48,38,3,0,3,149,5,17.0,0.771473804,156.0,107.0,24.0,0.0,7.0,15.0,30.0,0.91538459,7
220,KbHbQ26TBAc,True,True,True,0.0,False,13.21333333,3,54,46,2,0,8,135,5,68.0,0.927469681,697.0,255.0,131.0,0.0,22.0,48.0,121.0,0.842286124,13
221,cf-EJMCTuw4,True,True,True,0.387298335,False,4.183913043,2,23,19,1,0,3,72,7,13.0,0.906675175,187.0,104.0,30.0,0.0,14.0,6.0,1.0,0.73312823,13
222,LhffntG2kV0,True,True,True,0.190692518,False,8.615357143,2,28,26,1,0,4,85,2,69.0,0.956241022,923.0,298.0,153.0,0.0,54.0,26.0,2.0,0.947137034,34
223,XVw4bv3DcqU,True,True,False,0.06984303,False,35.56588235,1,68,57,5,0,11,70,1,93.0,0.96857678,1357.0,415.0,255.0,0.0,92.0,21.0,26.0,0.832707002,26
224,2TlmmzVSe9o,True,True,True,0.0,False,13.23111111,9,200,126,7,0,29,163,9,30.0,0.966134563,462.0,191.0,66.0,0.0,41.0,10.0,7.0,0.872633355,0
225,DcYxLHBjxaE,True,True,False,0.0,False,15.76,1,21,19,2,0,3,129,1,25.0,0.942228016,281.0,127.0,39.0,0.0,12.0,22.0,15.0,0.842760401,44
226,Kw2XP44oEQM,True,True,True,0.0,False,21.58600551,3,121,77,2,0,12,263,22,42.0,0.961639238,665.0,231.0,97.0,0.0,50.0,23.0,12.0,0.939992341,37
227,txtSY00UdZ4,True,True,True,0.149071198,False,4.388695652,2,23,23,2,0,3,155,1,4.0,0.893877864,60.0,47.0,7.0,0.0,3.0,1.0,1.0,,2
228,qtqN9Bcvt4U,True,True,True,0.100125235,False,11.63416667,12,288,165,3,0,47,208,10,51.0,0.945817673,700.0,275.0,107.0,0.0,37.0,71.0,69.0,0.869574791,27
229,FUcolnh40HA,True,True,True,0.0,False,11.65627932,7,134,93,3,0,16,192,15,42.0,0.902169037,532.0,210.0,93.0,0.0,33.0,31.0,27.0,0.919438369,8
230,_RaaAzOx5vA,True,True,False,0.0,False,12.59608696,1,23,22,2,0,1,153,21,34.0,0.859217324,325.0,135.0,52.0,0.0,12.0,2.0,12.0,0.884736205,3
231,yEbAC4hIKCg,True,True,True,0.0,False,56.90666667,2,171,83,2,0,2,183,11,5.0,0.714028557,26.0,24.0,6.0,0.0,1.0,2.0,1.0,0.796761281,1
232,sPCrzROlrqE,True,True,True,0.0,False,15.18760433,23,747,353,4,0,46,250,1,32.0,0.954083045,368.0,163.0,78.0,0.0,21.0,33.0,3.0,0.892113429,5
233,9FbdOxfyll0,True,True,False,0.0,False,6.530869565,8,46,31,1,0,1,127,7,9.0,0.681530396,62.0,42.0,6.0,0.0,0.0,13.0,11.0,0.983538343,3
234,9f5n4DhiIUo,True,True,True,0.0,False,41.15008696,2,115,68,2,0,2,231,2,55.0,0.873398146,607.0,221.0,147.0,0.0,16.0,3.0,1.0,0.944488296,6
235,7DaDVmNKSUE,True,False,False,0.0,False,0.0,0,0,0,0,0,0,249,0,43.0,0.906676534,306.0,113.0,38.0,0.0,15.0,7.0,17.0,0.969529236,12
236,Etras1sDh84,True,True,True,0.0,False,23.10150943,2,53,49,3,0,5,353,2,54.0,0.900993115,810.0,359.0,108.0,1.0,41.0,8.0,3.0,0.842031271,76
237,kgODF9YrvLI,True,True,True,0.0,False,24.23938462,2,65,51,3,0,6,138,1,19.0,0.92298162,403.0,187.0,52.0,0.0,12.0,20.0,32.0,0.889942229,4
238,0QvfSH19kFM,True,True,True,0.0,False,12.67273224,3,61,48,2,0,5,200,10,54.0,0.962513268,968.0,343.0,171.0,0.0,56.0,44.0,6.0,0.924970034,4
239,i1XnnBMXWHI,True,True,True,0.0,False,11.8062069,2,29,26,2,0,7,293,5,50.0,0.946366981,794.0,341.0,130.0,0.0,47.0,85.0,89.0,0.913522194,42
240,HHxsg3XmKSQ,True,True,True,0.0,True,10.56750774,17,342,190,10,0,72,101,6,56.0,0.95434745,974.0,358.0,161.0,0.0,58.0,52.0,34.0,0.921554171,24
241,YEvH2mPyxWI,True,True,True,0.0,False,8.798809524,4,63,51,2,0,5,137,6,17.0,0.941008031,285.0,133.0,41.0,0.0,16.0,6.0,8.0,0.985291906,29
242,gNjel26af9o,True,True,True,0.053605627,False,10.10440928,12,158,105,3,0,20,172,21,28.0,0.962262064,439.0,209.0,72.0,0.0,26.0,43.0,7.0,0.913549944,23
243,cFltBQzpjw8,True,True,False,0.054799662,True,21.02285573,8,253,137,3,0,21,347,5,51.0,0.930589286,822.0,298.0,98.0,0.0,49.0,7.0,19.0,0.970785801,47
244,_f97dPx2vjI,True,True,True,0.075809804,False,20.99689744,3,130,74,5,0,17,117,52,9.0,0.965753108,214.0,115.0,26.0,0.0,19.0,12.0,4.0,0.982796558,24
245,PDxCnPwklAM,True,True,True,0.035399616,False,9.678724981,21,797,253,6,0,37,76,3,53.0,0.959900074,835.0,272.0,153.0,0.0,60.0,10.0,6.0,0.851070077,31
246,_PK9ZT-I2v0,True,True,False,0.090166963,False,14.69,3,66,49,1,0,7,168,5,11.0,0.965177178,153.0,92.0,29.0,0.0,10.0,28.0,9.0,0.856011835,13
247,IchZr7b9EwA,True,True,True,0.0,False,25.97074468,4,188,132,5,0,26,151,16,50.0,0.941315025,557.0,202.0,107.0,0.0,18.0,2.0,1.0,,13
248,77oyUdNZ054,True,True,True,0.089087081,False,27.27912536,7,343,203,9,0,21,326,1,16.0,0.785053839,169.0,116.0,17.0,0.0,4.0,31.0,10.0,0.926224111,10
249,Bl-zY3dkyg0,True,True,True,0.088045091,True,14.03307692,2,52,42,2,0,2,112,7,52.0,0.954467972,886.0,254.0,153.0,0.0,57.0,22.0,10.0,0.831333915,36
250,mMcz8jeAvIY,True,True,False,0.0,False,-1.945,1,6,6,1,0,0,250,12,25.0,0.964049876,260.0,135.0,43.0,0.0,7.0,33.0,24.0,0.854446479,6
251,kGPUkvkNebk,True,True,True,0.0,True,11.40828571,2,35,33,3,0,4,83,3,40.0,0.957691573,725.0,291.0,118.0,0.0,55.0,27.0,4.0,0.962270885,31
252,4X0jKnpc7lQ,True,True,True,0.053300179,False,16.16756736,11,361,208,5,0,62,330,6,60.0,0.969584932,1102.0,305.0,177.0,0.0,88.0,16.0,16.0,0.858008583,69
253,imF8uaUD9ww,True,True,False,0.079056942,True,8.287608696,4,69,47,4,0,12,177,2,7.0,0.960301042,71.0,47.0,9.0,0.0,6.0,24.0,9.0,0.97019242,12
254,Sj--KXvi80o,True,True,True,0.2,False,13.66178571,4,56,56,2,0,7,78,16,33.0,0.968010083,609.0,241.0,106.0,0.0,52.0,6.0,10.0,0.768245126,40
255,15IeTaS5AUI,True,True,True,0.134839972,False,16.15465686,3,68,51,2,0,3,190,9,20.0,0.950554916,485.0,201.0,76.0,0.0,34.0,8.0,13.0,0.941849429,34
256,0DgpFqNvYDs,True,True,True,0.071474169,False,13.20046741,22,424,293,9,0,47,222,52,39.0,0.949948168,614.0,202.0,110.0,0.0,33.0,28.0,17.0,0.807318945,16
